movement_id,movement_date,product_id,movement_type,quantity,reference_id,notes
1,2025-10-26,1,RESTOCK,85,INITIAL_STOCK,Initial inventory load
2,2025-10-26,2,RESTOCK,185,INITIAL_STOCK,Initial inventory load
3,2025-10-26,3,RESTOCK,111,INITIAL_STOCK,Initial inventory load
4,2025-10-26,4,RESTOCK,169,INITIAL_STOCK,Initial inventory load
5,2025-10-26,5,RESTOCK,130,INITIAL_STOCK,Initial inventory load
6,2025-10-26,6,RESTOCK,217,INITIAL_STOCK,Initial inventory load
7,2025-10-26,7,RESTOCK,124,INITIAL_STOCK,Initial inventory load
8,2025-10-26,8,RESTOCK,152,INITIAL_STOCK,Initial inventory load
9,2025-10-26,9,RESTOCK,170,INITIAL_STOCK,Initial inventory load
10,2025-10-26,10,RESTOCK,163,INITIAL_STOCK,Initial inventory load
11,2025-10-26,11,RESTOCK,210,INITIAL_STOCK,Initial inventory load
12,2025-10-26,12,RESTOCK,204,INITIAL_STOCK,Initial inventory load
13,2025-10-26,13,RESTOCK,194,INITIAL_STOCK,Initial inventory load
14,2025-10-26,14,RESTOCK,100,INITIAL_STOCK,Initial inventory load
15,2025-10-26,15,RESTOCK,177,INITIAL_STOCK,Initial inventory load
16,2025-10-26,16,RESTOCK,153,INITIAL_STOCK,Initial inventory load
17,2025-10-26,17,RESTOCK,198,INITIAL_STOCK,Initial inventory load
18,2025-10-26,18,RESTOCK,117,INITIAL_STOCK,Initial inventory load
19,2025-10-26,19,RESTOCK,122,INITIAL_STOCK,Initial inventory load
20,2025-10-26,20,RESTOCK,166,INITIAL_STOCK,Initial inventory load
21,2025-10-26,21,RESTOCK,187,INITIAL_STOCK,Initial inventory load
22,2025-10-26,22,RESTOCK,183,INITIAL_STOCK,Initial inventory load
23,2025-10-26,23,RESTOCK,98,INITIAL_STOCK,Initial inventory load
24,2025-10-26,24,RESTOCK,100,INITIAL_STOCK,Initial inventory load
25,2025-10-26,25,RESTOCK,121,INITIAL_STOCK,Initial inventory load
26,2025-10-26,26,RESTOCK,167,INITIAL_STOCK,Initial inventory load
27,2025-10-26,27,RESTOCK,138,INITIAL_STOCK,Initial inventory load
28,2025-10-26,28,RESTOCK,160,INITIAL_STOCK,Initial inventory load
29,2025-10-26,29,RESTOCK,161,INITIAL_STOCK,Initial inventory load
30,2025-10-26,30,RESTOCK,154,INITIAL_STOCK,Initial inventory load
800,2025-11-05,6,SALE,7,311,Inventory reduction due to customer order
801,2025-11-05,29,SALE,9,311,Inventory reduction due to customer order
802,2025-11-05,14,SALE,2,311,Inventory reduction due to customer order
803,2025-11-05,16,SALE,10,311,Inventory reduction due to customer order
383,2025-11-06,27,SALE,9,131,Inventory reduction due to customer order
384,2025-11-06,5,SALE,9,131,Inventory reduction due to customer order
516,2025-11-06,25,SALE,10,184,Inventory reduction due to customer order
517,2025-11-06,9,SALE,1,184,Inventory reduction due to customer order
518,2025-11-06,11,SALE,6,184,Inventory reduction due to customer order
519,2025-11-06,10,SALE,1,184,Inventory reduction due to customer order
1010,2025-11-06,23,SALE,7,403,Inventory reduction due to customer order
1011,2025-11-06,24,SALE,6,403,Inventory reduction due to customer order
799,2025-11-07,12,SALE,5,310,Inventory reduction due to customer order
1113,2025-11-07,29,SALE,9,448,Inventory reduction due to customer order
1114,2025-11-07,28,SALE,6,448,Inventory reduction due to customer order
289,2025-11-08,19,SALE,1,90,Inventory reduction due to customer order
290,2025-11-08,11,SALE,5,90,Inventory reduction due to customer order
965,2025-11-08,27,SALE,6,381,Inventory reduction due to customer order
966,2025-11-08,8,SALE,9,381,Inventory reduction due to customer order
967,2025-11-08,30,SALE,4,381,Inventory reduction due to customer order
968,2025-11-08,21,SALE,5,381,Inventory reduction due to customer order
1104,2025-11-08,11,SALE,6,444,Inventory reduction due to customer order
586,2025-11-09,26,SALE,2,214,Inventory reduction due to customer order
587,2025-11-09,30,SALE,3,214,Inventory reduction due to customer order
588,2025-11-09,6,SALE,4,214,Inventory reduction due to customer order
589,2025-11-09,4,SALE,9,214,Inventory reduction due to customer order
889,2025-11-09,7,SALE,1,350,Inventory reduction due to customer order
890,2025-11-09,24,SALE,9,350,Inventory reduction due to customer order
1144,2025-11-09,20,ADJUSTMENT,5,MANUAL_ADJUSTMENT,Manual stock correction after warehouse count
534,2025-11-10,24,SALE,4,190,Inventory reduction due to customer order
646,2025-11-12,19,SALE,4,243,Inventory reduction due to customer order
647,2025-11-12,14,SALE,5,243,Inventory reduction due to customer order
648,2025-11-12,13,SALE,10,243,Inventory reduction due to customer order
649,2025-11-12,1,SALE,9,243,Inventory reduction due to customer order
666,2025-11-13,6,SALE,10,250,Inventory reduction due to customer order
667,2025-11-13,25,SALE,9,250,Inventory reduction due to customer order
668,2025-11-13,15,SALE,2,250,Inventory reduction due to customer order
1143,2025-11-13,1,ADJUSTMENT,-3,MANUAL_ADJUSTMENT,Manual stock correction after warehouse count
349,2025-11-14,3,SALE,2,114,Inventory reduction due to customer order
350,2025-11-14,21,SALE,10,114,Inventory reduction due to customer order
351,2025-11-14,28,SALE,7,114,Inventory reduction due to customer order
368,2025-11-14,20,SALE,3,123,Inventory reduction due to customer order
369,2025-11-14,13,SALE,3,123,Inventory reduction due to customer order
395,2025-11-14,29,SALE,6,139,Inventory reduction due to customer order
396,2025-11-14,2,SALE,9,139,Inventory reduction due to customer order
468,2025-11-14,17,SALE,9,166,Inventory reduction due to customer order
469,2025-11-14,15,SALE,6,166,Inventory reduction due to customer order
470,2025-11-14,5,SALE,6,166,Inventory reduction due to customer order
471,2025-11-14,20,SALE,7,166,Inventory reduction due to customer order
507,2025-11-14,30,SALE,6,180,Inventory reduction due to customer order
1000,2025-11-15,18,SALE,6,398,Inventory reduction due to customer order
1001,2025-11-15,3,SALE,7,398,Inventory reduction due to customer order
1002,2025-11-15,10,SALE,3,398,Inventory reduction due to customer order
1003,2025-11-15,7,SALE,3,398,Inventory reduction due to customer order
744,2025-11-16,23,SALE,2,286,Inventory reduction due to customer order
745,2025-11-16,29,SALE,2,286,Inventory reduction due to customer order
746,2025-11-16,12,SALE,3,286,Inventory reduction due to customer order
747,2025-11-16,15,SALE,2,286,Inventory reduction due to customer order
893,2025-11-17,4,SALE,3,353,Inventory reduction due to customer order
894,2025-11-17,18,SALE,1,353,Inventory reduction due to customer order
895,2025-11-17,9,SALE,7,353,Inventory reduction due to customer order
896,2025-11-17,16,SALE,9,353,Inventory reduction due to customer order
876,2025-11-18,11,SALE,10,344,Inventory reduction due to customer order
877,2025-11-18,14,SALE,3,344,Inventory reduction due to customer order
927,2025-11-18,17,SALE,8,364,Inventory reduction due to customer order
928,2025-11-18,28,SALE,3,364,Inventory reduction due to customer order
1100,2025-11-18,18,SALE,7,443,Inventory reduction due to customer order
1101,2025-11-18,2,SALE,8,443,Inventory reduction due to customer order
1102,2025-11-18,17,SALE,9,443,Inventory reduction due to customer order
1103,2025-11-18,12,SALE,6,443,Inventory reduction due to customer order
848,2025-11-19,30,SALE,6,330,Inventory reduction due to customer order
31,2025-11-20,10,RESTOCK,32,RESTOCK_2025-11-20,Scheduled supplier restock
32,2025-11-20,11,RESTOCK,60,RESTOCK_2025-11-20,Scheduled supplier restock
33,2025-11-20,15,RESTOCK,51,RESTOCK_2025-11-20,Scheduled supplier restock
34,2025-11-20,17,RESTOCK,90,RESTOCK_2025-11-20,Scheduled supplier restock
35,2025-11-20,19,RESTOCK,80,RESTOCK_2025-11-20,Scheduled supplier restock
36,2025-11-20,22,RESTOCK,109,RESTOCK_2025-11-20,Scheduled supplier restock
37,2025-11-20,23,RESTOCK,113,RESTOCK_2025-11-20,Scheduled supplier restock
38,2025-11-20,26,RESTOCK,66,RESTOCK_2025-11-20,Scheduled supplier restock
39,2025-11-20,28,RESTOCK,97,RESTOCK_2025-11-20,Scheduled supplier restock
40,2025-11-20,30,RESTOCK,114,RESTOCK_2025-11-20,Scheduled supplier restock
294,2025-11-20,22,SALE,8,93,Inventory reduction due to customer order
295,2025-11-20,4,SALE,2,93,Inventory reduction due to customer order
296,2025-11-20,16,SALE,10,93,Inventory reduction due to customer order
297,2025-11-20,23,SALE,2,93,Inventory reduction due to customer order
718,2025-11-20,14,SALE,9,272,Inventory reduction due to customer order
719,2025-11-20,23,SALE,10,272,Inventory reduction due to customer order
720,2025-11-20,13,SALE,5,272,Inventory reduction due to customer order
721,2025-11-20,3,SALE,5,272,Inventory reduction due to customer order
960,2025-11-20,12,SALE,8,379,Inventory reduction due to customer order
1116,2025-11-20,27,SALE,6,450,Inventory reduction due to customer order
1117,2025-11-20,21,SALE,6,450,Inventory reduction due to customer order
1118,2025-11-20,4,SALE,9,450,Inventory reduction due to customer order
1119,2025-11-20,15,SALE,5,450,Inventory reduction due to customer order
201,2025-11-21,5,SALE,3,47,Inventory reduction due to customer order
688,2025-11-21,27,SALE,6,259,Inventory reduction due to customer order
689,2025-11-21,7,SALE,6,259,Inventory reduction due to customer order
690,2025-11-21,16,SALE,10,259,Inventory reduction due to customer order
691,2025-11-21,9,SALE,10,259,Inventory reduction due to customer order
993,2025-11-21,12,SALE,9,395,Inventory reduction due to customer order
409,2025-11-22,12,SALE,1,145,Inventory reduction due to customer order
410,2025-11-22,13,SALE,3,145,Inventory reduction due to customer order
411,2025-11-22,19,SALE,6,145,Inventory reduction due to customer order
444,2025-11-23,16,SALE,10,158,Inventory reduction due to customer order
445,2025-11-23,15,SALE,6,158,Inventory reduction due to customer order
446,2025-11-23,7,SALE,6,158,Inventory reduction due to customer order
447,2025-11-23,11,SALE,3,158,Inventory reduction due to customer order
535,2025-11-23,18,SALE,1,191,Inventory reduction due to customer order
562,2025-11-23,16,SALE,6,205,Inventory reduction due to customer order
563,2025-11-23,7,SALE,1,205,Inventory reduction due to customer order
717,2025-11-23,9,SALE,4,271,Inventory reduction due to customer order
976,2025-11-23,17,SALE,9,385,Inventory reduction due to customer order
977,2025-11-23,3,SALE,7,385,Inventory reduction due to customer order
989,2025-11-23,18,SALE,4,393,Inventory reduction due to customer order
990,2025-11-23,3,SALE,7,393,Inventory reduction due to customer order
991,2025-11-23,19,SALE,8,393,Inventory reduction due to customer order
334,2025-11-24,23,SALE,2,107,Inventory reduction due to customer order
335,2025-11-24,21,SALE,1,107,Inventory reduction due to customer order
336,2025-11-24,14,SALE,3,107,Inventory reduction due to customer order
337,2025-11-24,10,SALE,8,107,Inventory reduction due to customer order
814,2025-11-25,26,SALE,8,317,Inventory reduction due to customer order
815,2025-11-25,13,SALE,2,317,Inventory reduction due to customer order
816,2025-11-25,16,SALE,7,317,Inventory reduction due to customer order
1096,2025-11-25,28,SALE,8,441,Inventory reduction due to customer order
306,2025-11-26,26,SALE,1,97,Inventory reduction due to customer order
307,2025-11-26,5,SALE,9,97,Inventory reduction due to customer order
308,2025-11-26,18,SALE,6,97,Inventory reduction due to customer order
362,2025-11-26,27,SALE,9,120,Inventory reduction due to customer order
363,2025-11-26,5,SALE,7,120,Inventory reduction due to customer order
364,2025-11-26,22,SALE,6,120,Inventory reduction due to customer order
592,2025-11-26,19,SALE,9,218,Inventory reduction due to customer order
593,2025-11-26,28,SALE,4,218,Inventory reduction due to customer order
594,2025-11-26,4,SALE,10,218,Inventory reduction due to customer order
338,2025-11-27,14,SALE,7,108,Inventory reduction due to customer order
339,2025-11-27,19,SALE,2,108,Inventory reduction due to customer order
673,2025-11-27,25,SALE,4,253,Inventory reduction due to customer order
318,2025-11-28,15,SALE,5,102,Inventory reduction due to customer order
319,2025-11-28,11,SALE,10,102,Inventory reduction due to customer order
320,2025-11-28,6,SALE,2,102,Inventory reduction due to customer order
321,2025-11-28,12,SALE,3,102,Inventory reduction due to customer order
560,2025-11-28,2,SALE,7,204,Inventory reduction due to customer order
561,2025-11-28,9,SALE,10,204,Inventory reduction due to customer order
755,2025-11-28,27,SALE,1,290,Inventory reduction due to customer order
756,2025-11-28,23,SALE,6,290,Inventory reduction due to customer order
757,2025-11-28,20,SALE,2,290,Inventory reduction due to customer order
1075,2025-11-28,3,SALE,2,430,Inventory reduction due to customer order
1076,2025-11-28,9,SALE,1,430,Inventory reduction due to customer order
1077,2025-11-28,8,SALE,7,430,Inventory reduction due to customer order
1078,2025-11-28,12,SALE,9,430,Inventory reduction due to customer order
278,2025-11-29,13,SALE,6,84,Inventory reduction due to customer order
279,2025-11-29,15,SALE,7,84,Inventory reduction due to customer order
450,2025-11-29,28,SALE,3,160,Inventory reduction due to customer order
451,2025-11-29,20,SALE,10,160,Inventory reduction due to customer order
452,2025-11-29,14,SALE,4,160,Inventory reduction due to customer order
453,2025-11-29,8,SALE,8,160,Inventory reduction due to customer order
761,2025-11-29,4,SALE,1,292,Inventory reduction due to customer order
762,2025-11-29,1,SALE,3,292,Inventory reduction due to customer order
911,2025-11-29,22,SALE,3,358,Inventory reduction due to customer order
912,2025-11-29,21,SALE,6,358,Inventory reduction due to customer order
242,2025-11-30,1,SALE,3,67,Inventory reduction due to customer order
243,2025-11-30,24,SALE,8,67,Inventory reduction due to customer order
244,2025-11-30,5,SALE,6,67,Inventory reduction due to customer order
245,2025-11-30,14,SALE,7,67,Inventory reduction due to customer order
835,2025-11-30,29,SALE,7,324,Inventory reduction due to customer order
836,2025-11-30,14,SALE,10,324,Inventory reduction due to customer order
837,2025-11-30,9,SALE,8,324,Inventory reduction due to customer order
907,2025-11-30,10,SALE,2,357,Inventory reduction due to customer order
908,2025-11-30,9,SALE,1,357,Inventory reduction due to customer order
909,2025-11-30,15,SALE,6,357,Inventory reduction due to customer order
910,2025-11-30,2,SALE,7,357,Inventory reduction due to customer order
375,2025-12-01,3,SALE,5,127,Inventory reduction due to customer order
376,2025-12-01,25,SALE,9,127,Inventory reduction due to customer order
377,2025-12-01,6,SALE,7,127,Inventory reduction due to customer order
637,2025-12-01,4,SALE,3,239,Inventory reduction due to customer order
704,2025-12-01,5,SALE,3,264,Inventory reduction due to customer order
705,2025-12-01,13,SALE,2,264,Inventory reduction due to customer order
706,2025-12-01,25,SALE,10,264,Inventory reduction due to customer order
1130,2025-12-01,14,ADJUSTMENT,-5,MANUAL_ADJUSTMENT,Manual stock correction after warehouse count
604,2025-12-02,15,SALE,5,225,Inventory reduction due to customer order
605,2025-12-02,12,SALE,3,225,Inventory reduction due to customer order
606,2025-12-02,25,SALE,3,225,Inventory reduction due to customer order
751,2025-12-02,15,SALE,9,289,Inventory reduction due to customer order
752,2025-12-02,11,SALE,4,289,Inventory reduction due to customer order
753,2025-12-02,14,SALE,5,289,Inventory reduction due to customer order
754,2025-12-02,4,SALE,5,289,Inventory reduction due to customer order
1127,2025-12-02,24,ADJUSTMENT,10,MANUAL_ADJUSTMENT,Manual stock correction after warehouse count
385,2025-12-03,2,SALE,4,132,Inventory reduction due to customer order
544,2025-12-03,20,SALE,1,196,Inventory reduction due to customer order
545,2025-12-03,25,SALE,4,196,Inventory reduction due to customer order
546,2025-12-03,30,SALE,2,196,Inventory reduction due to customer order
547,2025-12-03,29,SALE,1,196,Inventory reduction due to customer order
314,2025-12-04,28,SALE,10,100,Inventory reduction due to customer order
315,2025-12-04,18,SALE,9,100,Inventory reduction due to customer order
316,2025-12-04,25,SALE,10,100,Inventory reduction due to customer order
317,2025-12-04,27,SALE,1,100,Inventory reduction due to customer order
669,2025-12-04,18,SALE,1,251,Inventory reduction due to customer order
670,2025-12-04,27,SALE,9,251,Inventory reduction due to customer order
671,2025-12-04,25,SALE,7,251,Inventory reduction due to customer order
914,2025-12-04,9,SALE,8,360,Inventory reduction due to customer order
915,2025-12-04,27,SALE,3,360,Inventory reduction due to customer order
916,2025-12-04,13,SALE,3,360,Inventory reduction due to customer order
917,2025-12-04,23,SALE,3,360,Inventory reduction due to customer order
891,2025-12-06,13,SALE,5,351,Inventory reduction due to customer order
291,2025-12-07,16,SALE,8,91,Inventory reduction due to customer order
793,2025-12-07,28,SALE,3,308,Inventory reduction due to customer order
794,2025-12-07,25,SALE,6,308,Inventory reduction due to customer order
795,2025-12-07,19,SALE,4,308,Inventory reduction due to customer order
796,2025-12-07,2,SALE,2,308,Inventory reduction due to customer order
700,2025-12-08,1,SALE,2,263,Inventory reduction due to customer order
701,2025-12-08,23,SALE,3,263,Inventory reduction due to customer order
702,2025-12-08,11,SALE,2,263,Inventory reduction due to customer order
703,2025-12-08,27,SALE,7,263,Inventory reduction due to customer order
392,2025-12-09,27,SALE,8,138,Inventory reduction due to customer order
393,2025-12-09,21,SALE,3,138,Inventory reduction due to customer order
394,2025-12-09,6,SALE,2,138,Inventory reduction due to customer order
1045,2025-12-09,2,SALE,5,417,Inventory reduction due to customer order
1046,2025-12-09,6,SALE,9,417,Inventory reduction due to customer order
423,2025-12-10,12,SALE,9,150,Inventory reduction due to customer order
628,2025-12-10,23,SALE,7,235,Inventory reduction due to customer order
629,2025-12-10,14,SALE,8,235,Inventory reduction due to customer order
941,2025-12-10,7,SALE,7,370,Inventory reduction due to customer order
942,2025-12-10,4,SALE,8,370,Inventory reduction due to customer order
213,2025-12-11,20,SALE,10,53,Inventory reduction due to customer order
214,2025-12-11,24,SALE,8,53,Inventory reduction due to customer order
215,2025-12-11,27,SALE,8,53,Inventory reduction due to customer order
683,2025-12-11,13,SALE,2,257,Inventory reduction due to customer order
684,2025-12-11,15,SALE,9,257,Inventory reduction due to customer order
685,2025-12-11,3,SALE,6,257,Inventory reduction due to customer order
686,2025-12-11,21,SALE,8,257,Inventory reduction due to customer order
797,2025-12-11,12,SALE,3,309,Inventory reduction due to customer order
798,2025-12-11,11,SALE,6,309,Inventory reduction due to customer order
494,2025-12-12,12,SALE,8,174,Inventory reduction due to customer order
786,2025-12-12,25,SALE,9,305,Inventory reduction due to customer order
787,2025-12-12,4,SALE,2,305,Inventory reduction due to customer order
958,2025-12-12,9,SALE,3,378,Inventory reduction due to customer order
959,2025-12-12,25,SALE,5,378,Inventory reduction due to customer order
482,2025-12-13,17,SALE,8,170,Inventory reduction due to customer order
483,2025-12-13,25,SALE,3,170,Inventory reduction due to customer order
484,2025-12-13,20,SALE,4,170,Inventory reduction due to customer order
485,2025-12-13,30,SALE,6,170,Inventory reduction due to customer order
280,2025-12-14,20,SALE,6,85,Inventory reduction due to customer order
281,2025-12-14,14,SALE,8,85,Inventory reduction due to customer order
282,2025-12-14,9,SALE,4,85,Inventory reduction due to customer order
283,2025-12-14,2,SALE,2,85,Inventory reduction due to customer order
313,2025-12-14,12,SALE,9,99,Inventory reduction due to customer order
367,2025-12-14,17,SALE,9,122,Inventory reduction due to customer order
810,2025-12-14,3,SALE,10,316,Inventory reduction due to customer order
811,2025-12-14,10,SALE,4,316,Inventory reduction due to customer order
812,2025-12-14,27,SALE,1,316,Inventory reduction due to customer order
813,2025-12-14,22,SALE,3,316,Inventory reduction due to customer order
973,2025-12-14,20,SALE,10,384,Inventory reduction due to customer order
974,2025-12-14,2,SALE,8,384,Inventory reduction due to customer order
975,2025-12-14,25,SALE,9,384,Inventory reduction due to customer order
41,2025-12-15,8,RESTOCK,119,RESTOCK_2025-12-15,Scheduled supplier restock
42,2025-12-15,19,RESTOCK,41,RESTOCK_2025-12-15,Scheduled supplier restock
43,2025-12-15,22,RESTOCK,68,RESTOCK_2025-12-15,Scheduled supplier restock
44,2025-12-15,23,RESTOCK,96,RESTOCK_2025-12-15,Scheduled supplier restock
45,2025-12-15,26,RESTOCK,90,RESTOCK_2025-12-15,Scheduled supplier restock
696,2025-12-15,9,SALE,3,261,Inventory reduction due to customer order
697,2025-12-15,3,SALE,7,261,Inventory reduction due to customer order
698,2025-12-15,12,SALE,4,261,Inventory reduction due to customer order
1133,2025-12-15,22,ADJUSTMENT,5,MANUAL_ADJUSTMENT,Manual stock correction after warehouse count
373,2025-12-16,28,SALE,1,126,Inventory reduction due to customer order
374,2025-12-16,9,SALE,6,126,Inventory reduction due to customer order
804,2025-12-16,10,SALE,1,312,Inventory reduction due to customer order
162,2025-12-17,30,SALE,7,29,Inventory reduction due to customer order
370,2025-12-17,22,SALE,8,124,Inventory reduction due to customer order
371,2025-12-17,24,SALE,5,124,Inventory reduction due to customer order
372,2025-12-17,8,SALE,4,124,Inventory reduction due to customer order
252,2025-12-19,20,SALE,10,72,Inventory reduction due to customer order
253,2025-12-19,22,SALE,4,72,Inventory reduction due to customer order
254,2025-12-19,8,SALE,5,72,Inventory reduction due to customer order
255,2025-12-19,16,SALE,5,72,Inventory reduction due to customer order
505,2025-12-19,30,SALE,7,179,Inventory reduction due to customer order
506,2025-12-19,2,SALE,3,179,Inventory reduction due to customer order
838,2025-12-19,2,SALE,4,325,Inventory reduction due to customer order
839,2025-12-19,13,SALE,8,325,Inventory reduction due to customer order
840,2025-12-19,29,SALE,6,325,Inventory reduction due to customer order
841,2025-12-19,11,SALE,6,325,Inventory reduction due to customer order
148,2025-12-20,30,SALE,2,21,Inventory reduction due to customer order
149,2025-12-20,28,SALE,3,21,Inventory reduction due to customer order
969,2025-12-20,24,SALE,2,382,Inventory reduction due to customer order
970,2025-12-20,17,SALE,1,382,Inventory reduction due to customer order
1070,2025-12-20,9,SALE,7,428,Inventory reduction due to customer order
1071,2025-12-20,10,SALE,2,428,Inventory reduction due to customer order
1072,2025-12-20,19,SALE,8,428,Inventory reduction due to customer order
1073,2025-12-20,12,SALE,2,428,Inventory reduction due to customer order
776,2025-12-21,1,SALE,5,299,Inventory reduction due to customer order
777,2025-12-21,29,SALE,8,299,Inventory reduction due to customer order
871,2025-12-21,12,SALE,5,341,Inventory reduction due to customer order
872,2025-12-21,8,SALE,6,341,Inventory reduction due to customer order
878,2025-12-21,11,SALE,1,345,Inventory reduction due to customer order
879,2025-12-21,21,SALE,8,345,Inventory reduction due to customer order
1131,2025-12-21,26,ADJUSTMENT,5,MANUAL_ADJUSTMENT,Manual stock correction after warehouse count
231,2025-12-23,28,SALE,5,63,Inventory reduction due to customer order
232,2025-12-23,3,SALE,6,63,Inventory reduction due to customer order
564,2025-12-23,30,SALE,4,206,Inventory reduction due to customer order
565,2025-12-23,8,SALE,4,206,Inventory reduction due to customer order
566,2025-12-23,23,SALE,6,206,Inventory reduction due to customer order
567,2025-12-23,20,SALE,7,206,Inventory reduction due to customer order
807,2025-12-23,22,SALE,2,315,Inventory reduction due to customer order
808,2025-12-23,10,SALE,7,315,Inventory reduction due to customer order
809,2025-12-23,8,SALE,9,315,Inventory reduction due to customer order
1123,2025-12-23,13,ADJUSTMENT,-5,MANUAL_ADJUSTMENT,Manual stock correction after warehouse count
137,2025-12-24,22,SALE,10,16,Inventory reduction due to customer order
138,2025-12-24,24,SALE,5,16,Inventory reduction due to customer order
139,2025-12-24,29,SALE,9,16,Inventory reduction due to customer order
140,2025-12-24,6,SALE,5,16,Inventory reduction due to customer order
146,2025-12-24,5,SALE,1,20,Inventory reduction due to customer order
147,2025-12-24,21,SALE,7,20,Inventory reduction due to customer order
736,2025-12-26,24,SALE,8,283,Inventory reduction due to customer order
737,2025-12-26,20,SALE,10,283,Inventory reduction due to customer order
738,2025-12-26,8,SALE,4,283,Inventory reduction due to customer order
901,2025-12-26,12,SALE,7,355,Inventory reduction due to customer order
902,2025-12-26,23,SALE,3,355,Inventory reduction due to customer order
1094,2025-12-27,27,SALE,6,440,Inventory reduction due to customer order
1095,2025-12-27,20,SALE,2,440,Inventory reduction due to customer order
141,2025-12-28,15,SALE,9,17,Inventory reduction due to customer order
142,2025-12-28,22,SALE,3,17,Inventory reduction due to customer order
143,2025-12-28,7,SALE,5,17,Inventory reduction due to customer order
206,2025-12-28,6,SALE,4,50,Inventory reduction due to customer order
880,2025-12-28,16,SALE,2,346,Inventory reduction due to customer order
881,2025-12-28,26,SALE,10,346,Inventory reduction due to customer order
416,2025-12-29,7,SALE,2,148,Inventory reduction due to customer order
417,2025-12-29,4,SALE,3,148,Inventory reduction due to customer order
418,2025-12-29,5,SALE,2,148,Inventory reduction due to customer order
419,2025-12-29,28,SALE,6,148,Inventory reduction due to customer order
709,2025-12-30,25,SALE,10,266,Inventory reduction due to customer order
710,2025-12-30,4,SALE,6,266,Inventory reduction due to customer order
980,2025-12-30,4,SALE,6,387,Inventory reduction due to customer order
121,2025-12-31,12,SALE,4,11,Inventory reduction due to customer order
122,2025-12-31,10,SALE,1,11,Inventory reduction due to customer order
123,2025-12-31,27,SALE,7,11,Inventory reduction due to customer order
124,2025-12-31,26,SALE,5,11,Inventory reduction due to customer order
161,2025-12-31,13,SALE,6,28,Inventory reduction due to customer order
274,2025-12-31,30,SALE,7,83,Inventory reduction due to customer order
275,2025-12-31,23,SALE,3,83,Inventory reduction due to customer order
276,2025-12-31,10,SALE,1,83,Inventory reduction due to customer order
277,2025-12-31,21,SALE,8,83,Inventory reduction due to customer order
378,2025-12-31,14,SALE,1,128,Inventory reduction due to customer order
778,2025-12-31,12,SALE,3,301,Inventory reduction due to customer order
779,2025-12-31,30,SALE,4,301,Inventory reduction due to customer order
780,2025-12-31,27,SALE,6,301,Inventory reduction due to customer order
781,2025-12-31,28,SALE,10,301,Inventory reduction due to customer order
997,2025-12-31,21,SALE,6,397,Inventory reduction due to customer order
998,2025-12-31,5,SALE,9,397,Inventory reduction due to customer order
999,2025-12-31,10,SALE,3,397,Inventory reduction due to customer order
556,2026-01-01,26,SALE,1,202,Inventory reduction due to customer order
557,2026-01-01,15,SALE,7,202,Inventory reduction due to customer order
1035,2026-01-01,16,SALE,10,414,Inventory reduction due to customer order
1036,2026-01-01,26,SALE,9,414,Inventory reduction due to customer order
1037,2026-01-01,29,SALE,8,414,Inventory reduction due to customer order
732,2026-01-02,8,SALE,1,279,Inventory reduction due to customer order
1038,2026-01-02,7,SALE,3,415,Inventory reduction due to customer order
1039,2026-01-02,5,SALE,10,415,Inventory reduction due to customer order
1040,2026-01-02,6,SALE,4,415,Inventory reduction due to customer order
287,2026-01-03,9,SALE,3,88,Inventory reduction due to customer order
550,2026-01-03,8,SALE,3,199,Inventory reduction due to customer order
551,2026-01-03,10,SALE,4,199,Inventory reduction due to customer order
552,2026-01-03,29,SALE,5,199,Inventory reduction due to customer order
1028,2026-01-03,2,SALE,4,410,Inventory reduction due to customer order
1029,2026-01-03,22,SALE,6,410,Inventory reduction due to customer order
1122,2026-01-03,4,ADJUSTMENT,5,MANUAL_ADJUSTMENT,Manual stock correction after warehouse count
743,2026-01-04,5,SALE,5,285,Inventory reduction due to customer order
981,2026-01-05,2,SALE,6,388,Inventory reduction due to customer order
982,2026-01-05,22,SALE,2,388,Inventory reduction due to customer order
498,2026-01-06,21,SALE,1,176,Inventory reduction due to customer order
499,2026-01-06,8,SALE,7,176,Inventory reduction due to customer order
739,2026-01-06,1,SALE,1,284,Inventory reduction due to customer order
740,2026-01-06,8,SALE,1,284,Inventory reduction due to customer order
741,2026-01-06,18,SALE,5,284,Inventory reduction due to customer order
742,2026-01-06,12,SALE,4,284,Inventory reduction due to customer order
171,2026-01-07,8,SALE,8,32,Inventory reduction due to customer order
172,2026-01-07,5,SALE,10,32,Inventory reduction due to customer order
602,2026-01-07,13,SALE,3,224,Inventory reduction due to customer order
603,2026-01-07,23,SALE,6,224,Inventory reduction due to customer order
772,2026-01-07,26,SALE,9,298,Inventory reduction due to customer order
773,2026-01-07,23,SALE,6,298,Inventory reduction due to customer order
774,2026-01-07,12,SALE,9,298,Inventory reduction due to customer order
775,2026-01-07,16,SALE,7,298,Inventory reduction due to customer order
221,2026-01-08,28,SALE,9,58,Inventory reduction due to customer order
222,2026-01-08,17,SALE,7,58,Inventory reduction due to customer order
223,2026-01-08,27,SALE,4,58,Inventory reduction due to customer order
224,2026-01-08,1,SALE,6,58,Inventory reduction due to customer order
263,2026-01-08,10,SALE,8,77,Inventory reduction due to customer order
359,2026-01-08,3,SALE,3,119,Inventory reduction due to customer order
360,2026-01-08,19,SALE,5,119,Inventory reduction due to customer order
361,2026-01-08,22,SALE,3,119,Inventory reduction due to customer order
46,2026-01-09,1,RESTOCK,85,RESTOCK_2026-01-09,Scheduled supplier restock
47,2026-01-09,6,RESTOCK,101,RESTOCK_2026-01-09,Scheduled supplier restock
48,2026-01-09,8,RESTOCK,112,RESTOCK_2026-01-09,Scheduled supplier restock
49,2026-01-09,11,RESTOCK,84,RESTOCK_2026-01-09,Scheduled supplier restock
50,2026-01-09,17,RESTOCK,113,RESTOCK_2026-01-09,Scheduled supplier restock
51,2026-01-09,22,RESTOCK,67,RESTOCK_2026-01-09,Scheduled supplier restock
52,2026-01-09,23,RESTOCK,88,RESTOCK_2026-01-09,Scheduled supplier restock
53,2026-01-09,25,RESTOCK,109,RESTOCK_2026-01-09,Scheduled supplier restock
54,2026-01-09,27,RESTOCK,49,RESTOCK_2026-01-09,Scheduled supplier restock
55,2026-01-09,28,RESTOCK,98,RESTOCK_2026-01-09,Scheduled supplier restock
56,2026-01-09,29,RESTOCK,43,RESTOCK_2026-01-09,Scheduled supplier restock
57,2026-01-09,30,RESTOCK,46,RESTOCK_2026-01-09,Scheduled supplier restock
983,2026-01-09,30,SALE,9,389,Inventory reduction due to customer order
1141,2026-01-09,30,ADJUSTMENT,-3,MANUAL_ADJUSTMENT,Manual stock correction after warehouse count
805,2026-01-10,29,SALE,3,313,Inventory reduction due to customer order
806,2026-01-10,13,SALE,9,313,Inventory reduction due to customer order
873,2026-01-10,16,SALE,1,342,Inventory reduction due to customer order
1067,2026-01-10,20,SALE,7,427,Inventory reduction due to customer order
1068,2026-01-10,9,SALE,7,427,Inventory reduction due to customer order
1069,2026-01-10,22,SALE,9,427,Inventory reduction due to customer order
1105,2026-01-10,9,SALE,10,445,Inventory reduction due to customer order
1106,2026-01-10,16,SALE,6,445,Inventory reduction due to customer order
107,2026-01-11,9,SALE,10,4,Inventory reduction due to customer order
108,2026-01-11,10,SALE,6,4,Inventory reduction due to customer order
211,2026-01-11,14,SALE,9,52,Inventory reduction due to customer order
212,2026-01-11,4,SALE,3,52,Inventory reduction due to customer order
233,2026-01-12,27,SALE,8,64,Inventory reduction due to customer order
234,2026-01-12,19,SALE,8,64,Inventory reduction due to customer order
235,2026-01-12,22,SALE,8,64,Inventory reduction due to customer order
613,2026-01-12,3,SALE,7,228,Inventory reduction due to customer order
614,2026-01-12,6,SALE,7,228,Inventory reduction due to customer order
152,2026-01-14,8,SALE,6,24,Inventory reduction due to customer order
153,2026-01-14,9,SALE,2,24,Inventory reduction due to customer order
154,2026-01-14,11,SALE,3,24,Inventory reduction due to customer order
298,2026-01-14,13,SALE,5,94,Inventory reduction due to customer order
299,2026-01-14,20,SALE,9,94,Inventory reduction due to customer order
300,2026-01-14,17,SALE,7,94,Inventory reduction due to customer order
348,2026-01-14,10,SALE,8,113,Inventory reduction due to customer order
849,2026-01-14,21,SALE,1,331,Inventory reduction due to customer order
850,2026-01-14,30,SALE,6,331,Inventory reduction due to customer order
851,2026-01-14,4,SALE,10,331,Inventory reduction due to customer order
852,2026-01-14,22,SALE,3,331,Inventory reduction due to customer order
125,2026-01-15,22,SALE,1,12,Inventory reduction due to customer order
126,2026-01-15,27,SALE,5,12,Inventory reduction due to customer order
127,2026-01-15,18,SALE,10,12,Inventory reduction due to customer order
128,2026-01-15,11,SALE,1,12,Inventory reduction due to customer order
971,2026-01-15,19,SALE,5,383,Inventory reduction due to customer order
972,2026-01-15,28,SALE,6,383,Inventory reduction due to customer order
490,2026-01-17,11,SALE,5,173,Inventory reduction due to customer order
491,2026-01-17,16,SALE,2,173,Inventory reduction due to customer order
492,2026-01-17,12,SALE,9,173,Inventory reduction due to customer order
493,2026-01-17,18,SALE,7,173,Inventory reduction due to customer order
1079,2026-01-17,20,SALE,1,432,Inventory reduction due to customer order
1080,2026-01-17,6,SALE,4,432,Inventory reduction due to customer order
994,2026-01-18,25,SALE,7,396,Inventory reduction due to customer order
995,2026-01-18,30,SALE,1,396,Inventory reduction due to customer order
996,2026-01-18,15,SALE,3,396,Inventory reduction due to customer order
250,2026-01-19,8,SALE,7,71,Inventory reduction due to customer order
251,2026-01-19,17,SALE,3,71,Inventory reduction due to customer order
949,2026-01-19,14,SALE,9,375,Inventory reduction due to customer order
950,2026-01-19,20,SALE,9,375,Inventory reduction due to customer order
472,2026-01-20,23,SALE,1,167,Inventory reduction due to customer order
473,2026-01-20,19,SALE,6,167,Inventory reduction due to customer order
474,2026-01-20,10,SALE,7,167,Inventory reduction due to customer order
475,2026-01-20,16,SALE,5,167,Inventory reduction due to customer order
843,2026-01-20,9,SALE,10,327,Inventory reduction due to customer order
844,2026-01-20,24,SALE,4,327,Inventory reduction due to customer order
845,2026-01-20,14,SALE,4,327,Inventory reduction due to customer order
1115,2026-01-20,13,SALE,2,449,Inventory reduction due to customer order
432,2026-01-21,12,SALE,5,154,Inventory reduction due to customer order
433,2026-01-21,17,SALE,5,154,Inventory reduction due to customer order
1120,2026-01-21,27,ADJUSTMENT,-10,MANUAL_ADJUSTMENT,Manual stock correction after warehouse count
340,2026-01-23,3,SALE,2,109,Inventory reduction due to customer order
341,2026-01-23,17,SALE,9,109,Inventory reduction due to customer order
638,2026-01-23,17,SALE,6,240,Inventory reduction due to customer order
639,2026-01-23,16,SALE,2,240,Inventory reduction due to customer order
842,2026-01-23,28,SALE,4,326,Inventory reduction due to customer order
847,2026-01-23,6,SALE,4,329,Inventory reduction due to customer order
196,2026-01-24,7,SALE,8,42,Inventory reduction due to customer order
197,2026-01-24,24,SALE,10,42,Inventory reduction due to customer order
571,2026-01-24,24,SALE,1,208,Inventory reduction due to customer order
572,2026-01-24,5,SALE,9,208,Inventory reduction due to customer order
655,2026-01-24,6,SALE,6,246,Inventory reduction due to customer order
711,2026-01-24,8,SALE,9,267,Inventory reduction due to customer order
1091,2026-01-24,6,SALE,4,439,Inventory reduction due to customer order
1092,2026-01-24,24,SALE,4,439,Inventory reduction due to customer order
1093,2026-01-24,22,SALE,4,439,Inventory reduction due to customer order
1135,2026-01-24,29,ADJUSTMENT,5,MANUAL_ADJUSTMENT,Manual stock correction after warehouse count
380,2026-01-25,26,SALE,5,130,Inventory reduction due to customer order
381,2026-01-25,5,SALE,3,130,Inventory reduction due to customer order
382,2026-01-25,2,SALE,8,130,Inventory reduction due to customer order
750,2026-01-25,7,SALE,3,288,Inventory reduction due to customer order
830,2026-01-25,18,SALE,9,322,Inventory reduction due to customer order
831,2026-01-25,11,SALE,1,322,Inventory reduction due to customer order
832,2026-01-25,28,SALE,10,322,Inventory reduction due to customer order
833,2026-01-25,9,SALE,7,322,Inventory reduction due to customer order
1007,2026-01-25,23,SALE,10,402,Inventory reduction due to customer order
1008,2026-01-25,19,SALE,6,402,Inventory reduction due to customer order
1009,2026-01-25,5,SALE,7,402,Inventory reduction due to customer order
182,2026-01-26,9,SALE,8,37,Inventory reduction due to customer order
352,2026-01-26,2,SALE,2,116,Inventory reduction due to customer order
353,2026-01-26,15,SALE,2,116,Inventory reduction due to customer order
733,2026-01-26,9,SALE,10,281,Inventory reduction due to customer order
734,2026-01-26,27,SALE,2,281,Inventory reduction due to customer order
735,2026-01-26,3,SALE,1,281,Inventory reduction due to customer order
1138,2026-01-26,27,ADJUSTMENT,5,MANUAL_ADJUSTMENT,Manual stock correction after warehouse count
246,2026-01-28,21,SALE,8,68,Inventory reduction due to customer order
247,2026-01-28,23,SALE,1,68,Inventory reduction due to customer order
248,2026-01-28,29,SALE,2,68,Inventory reduction due to customer order
510,2026-01-28,23,SALE,6,182,Inventory reduction due to customer order
511,2026-01-28,6,SALE,10,182,Inventory reduction due to customer order
512,2026-01-28,1,SALE,3,182,Inventory reduction due to customer order
784,2026-01-28,11,SALE,3,304,Inventory reduction due to customer order
785,2026-01-28,23,SALE,1,304,Inventory reduction due to customer order
1041,2026-01-28,16,SALE,7,416,Inventory reduction due to customer order
1042,2026-01-28,7,SALE,4,416,Inventory reduction due to customer order
1043,2026-01-28,19,SALE,3,416,Inventory reduction due to customer order
1044,2026-01-28,6,SALE,10,416,Inventory reduction due to customer order
112,2026-01-29,6,SALE,9,6,Inventory reduction due to customer order
113,2026-01-29,24,SALE,9,6,Inventory reduction due to customer order
114,2026-01-29,15,SALE,2,6,Inventory reduction due to customer order
119,2026-01-29,9,SALE,2,10,Inventory reduction due to customer order
120,2026-01-29,6,SALE,1,10,Inventory reduction due to customer order
236,2026-01-29,15,SALE,4,65,Inventory reduction due to customer order
237,2026-01-29,30,SALE,10,65,Inventory reduction due to customer order
238,2026-01-29,11,SALE,4,65,Inventory reduction due to customer order
239,2026-01-29,28,SALE,1,65,Inventory reduction due to customer order
943,2026-01-30,30,SALE,10,371,Inventory reduction due to customer order
692,2026-01-31,1,SALE,3,260,Inventory reduction due to customer order
693,2026-01-31,4,SALE,8,260,Inventory reduction due to customer order
694,2026-01-31,30,SALE,7,260,Inventory reduction due to customer order
695,2026-01-31,28,SALE,3,260,Inventory reduction due to customer order
175,2026-02-01,3,SALE,6,35,Inventory reduction due to customer order
176,2026-02-01,17,SALE,7,35,Inventory reduction due to customer order
177,2026-02-01,21,SALE,2,35,Inventory reduction due to customer order
553,2026-02-01,23,SALE,5,201,Inventory reduction due to customer order
554,2026-02-01,14,SALE,3,201,Inventory reduction due to customer order
555,2026-02-01,5,SALE,8,201,Inventory reduction due to customer order
726,2026-02-01,6,SALE,5,276,Inventory reduction due to customer order
727,2026-02-01,12,SALE,1,276,Inventory reduction due to customer order
728,2026-02-01,5,SALE,7,276,Inventory reduction due to customer order
342,2026-02-02,8,SALE,3,110,Inventory reduction due to customer order
343,2026-02-02,4,SALE,4,110,Inventory reduction due to customer order
58,2026-02-03,3,RESTOCK,49,RESTOCK_2026-02-03,Scheduled supplier restock
59,2026-02-03,4,RESTOCK,57,RESTOCK_2026-02-03,Scheduled supplier restock
60,2026-02-03,5,RESTOCK,69,RESTOCK_2026-02-03,Scheduled supplier restock
61,2026-02-03,10,RESTOCK,40,RESTOCK_2026-02-03,Scheduled supplier restock
62,2026-02-03,13,RESTOCK,80,RESTOCK_2026-02-03,Scheduled supplier restock
63,2026-02-03,14,RESTOCK,90,RESTOCK_2026-02-03,Scheduled supplier restock
64,2026-02-03,15,RESTOCK,62,RESTOCK_2026-02-03,Scheduled supplier restock
65,2026-02-03,18,RESTOCK,61,RESTOCK_2026-02-03,Scheduled supplier restock
66,2026-02-03,21,RESTOCK,34,RESTOCK_2026-02-03,Scheduled supplier restock
67,2026-02-03,22,RESTOCK,42,RESTOCK_2026-02-03,Scheduled supplier restock
68,2026-02-03,27,RESTOCK,71,RESTOCK_2026-02-03,Scheduled supplier restock
69,2026-02-03,28,RESTOCK,35,RESTOCK_2026-02-03,Scheduled supplier restock
389,2026-02-03,22,SALE,9,135,Inventory reduction due to customer order
390,2026-02-03,3,SALE,2,135,Inventory reduction due to customer order
590,2026-02-03,12,SALE,7,215,Inventory reduction due to customer order
954,2026-02-03,22,SALE,9,377,Inventory reduction due to customer order
955,2026-02-03,24,SALE,7,377,Inventory reduction due to customer order
956,2026-02-03,29,SALE,9,377,Inventory reduction due to customer order
957,2026-02-03,27,SALE,1,377,Inventory reduction due to customer order
118,2026-02-04,12,SALE,9,8,Inventory reduction due to customer order
758,2026-02-04,9,SALE,1,291,Inventory reduction due to customer order
759,2026-02-04,27,SALE,8,291,Inventory reduction due to customer order
760,2026-02-04,6,SALE,9,291,Inventory reduction due to customer order
1128,2026-02-04,19,ADJUSTMENT,10,MANUAL_ADJUSTMENT,Manual stock correction after warehouse count
178,2026-02-05,6,SALE,5,36,Inventory reduction due to customer order
179,2026-02-05,24,SALE,9,36,Inventory reduction due to customer order
180,2026-02-05,17,SALE,8,36,Inventory reduction due to customer order
181,2026-02-05,21,SALE,10,36,Inventory reduction due to customer order
365,2026-02-05,11,SALE,8,121,Inventory reduction due to customer order
366,2026-02-05,25,SALE,4,121,Inventory reduction due to customer order
730,2026-02-05,12,SALE,5,278,Inventory reduction due to customer order
731,2026-02-05,6,SALE,10,278,Inventory reduction due to customer order
650,2026-02-06,9,SALE,8,244,Inventory reduction due to customer order
1034,2026-02-06,17,SALE,5,413,Inventory reduction due to customer order
104,2026-02-07,20,SALE,9,3,Inventory reduction due to customer order
105,2026-02-07,26,SALE,9,3,Inventory reduction due to customer order
106,2026-02-07,21,SALE,2,3,Inventory reduction due to customer order
399,2026-02-07,29,SALE,8,141,Inventory reduction due to customer order
400,2026-02-07,13,SALE,6,141,Inventory reduction due to customer order
401,2026-02-07,11,SALE,5,141,Inventory reduction due to customer order
402,2026-02-07,6,SALE,7,141,Inventory reduction due to customer order
424,2026-02-07,20,SALE,2,151,Inventory reduction due to customer order
425,2026-02-07,29,SALE,5,151,Inventory reduction due to customer order
817,2026-02-07,2,SALE,5,318,Inventory reduction due to customer order
818,2026-02-07,9,SALE,1,318,Inventory reduction due to customer order
819,2026-02-07,15,SALE,2,318,Inventory reduction due to customer order
820,2026-02-07,8,SALE,6,318,Inventory reduction due to customer order
465,2026-02-08,25,SALE,10,165,Inventory reduction due to customer order
466,2026-02-08,5,SALE,7,165,Inventory reduction due to customer order
467,2026-02-08,7,SALE,1,165,Inventory reduction due to customer order
1136,2026-02-08,11,ADJUSTMENT,3,MANUAL_ADJUSTMENT,Manual stock correction after warehouse count
538,2026-02-09,21,SALE,6,193,Inventory reduction due to customer order
539,2026-02-09,28,SALE,3,193,Inventory reduction due to customer order
1140,2026-02-09,7,ADJUSTMENT,5,MANUAL_ADJUSTMENT,Manual stock correction after warehouse count
158,2026-02-10,10,SALE,7,27,Inventory reduction due to customer order
159,2026-02-10,25,SALE,9,27,Inventory reduction due to customer order
160,2026-02-10,13,SALE,4,27,Inventory reduction due to customer order
167,2026-02-10,9,SALE,1,31,Inventory reduction due to customer order
168,2026-02-10,27,SALE,1,31,Inventory reduction due to customer order
169,2026-02-10,3,SALE,4,31,Inventory reduction due to customer order
170,2026-02-10,16,SALE,1,31,Inventory reduction due to customer order
591,2026-02-10,21,SALE,1,217,Inventory reduction due to customer order
618,2026-02-10,27,SALE,3,231,Inventory reduction due to customer order
619,2026-02-10,28,SALE,6,231,Inventory reduction due to customer order
620,2026-02-10,21,SALE,4,231,Inventory reduction due to customer order
621,2026-02-10,20,SALE,6,231,Inventory reduction due to customer order
155,2026-02-11,14,SALE,7,25,Inventory reduction due to customer order
662,2026-02-11,14,SALE,8,249,Inventory reduction due to customer order
663,2026-02-11,22,SALE,3,249,Inventory reduction due to customer order
664,2026-02-11,16,SALE,10,249,Inventory reduction due to customer order
665,2026-02-11,23,SALE,4,249,Inventory reduction due to customer order
855,2026-02-11,28,SALE,4,333,Inventory reduction due to customer order
856,2026-02-11,8,SALE,5,333,Inventory reduction due to customer order
540,2026-02-13,27,SALE,1,194,Inventory reduction due to customer order
541,2026-02-13,1,SALE,8,194,Inventory reduction due to customer order
1021,2026-02-13,5,SALE,9,407,Inventory reduction due to customer order
1022,2026-02-13,15,SALE,7,407,Inventory reduction due to customer order
1023,2026-02-13,17,SALE,9,407,Inventory reduction due to customer order
270,2026-02-14,15,SALE,6,81,Inventory reduction due to customer order
598,2026-02-14,26,SALE,4,222,Inventory reduction due to customer order
599,2026-02-14,15,SALE,9,222,Inventory reduction due to customer order
600,2026-02-14,16,SALE,7,222,Inventory reduction due to customer order
622,2026-02-14,19,SALE,7,232,Inventory reduction due to customer order
623,2026-02-14,26,SALE,7,232,Inventory reduction due to customer order
624,2026-02-14,8,SALE,2,232,Inventory reduction due to customer order
625,2026-02-14,11,SALE,4,232,Inventory reduction due to customer order
764,2026-02-14,6,SALE,3,296,Inventory reduction due to customer order
765,2026-02-14,12,SALE,5,296,Inventory reduction due to customer order
766,2026-02-14,7,SALE,3,296,Inventory reduction due to customer order
767,2026-02-14,30,SALE,10,296,Inventory reduction due to customer order
303,2026-02-15,14,SALE,5,96,Inventory reduction due to customer order
304,2026-02-15,11,SALE,3,96,Inventory reduction due to customer order
305,2026-02-15,22,SALE,2,96,Inventory reduction due to customer order
462,2026-02-15,12,SALE,5,163,Inventory reduction due to customer order
463,2026-02-15,18,SALE,7,163,Inventory reduction due to customer order
763,2026-02-15,19,SALE,10,293,Inventory reduction due to customer order
867,2026-02-16,11,SALE,4,339,Inventory reduction due to customer order
868,2026-02-16,24,SALE,8,339,Inventory reduction due to customer order
227,2026-02-17,15,SALE,2,61,Inventory reduction due to customer order
1084,2026-02-17,17,SALE,5,435,Inventory reduction due to customer order
309,2026-02-18,28,SALE,5,98,Inventory reduction due to customer order
310,2026-02-18,30,SALE,5,98,Inventory reduction due to customer order
311,2026-02-18,24,SALE,2,98,Inventory reduction due to customer order
312,2026-02-18,2,SALE,9,98,Inventory reduction due to customer order
580,2026-02-18,3,SALE,3,212,Inventory reduction due to customer order
581,2026-02-18,23,SALE,4,212,Inventory reduction due to customer order
611,2026-02-18,19,SALE,3,227,Inventory reduction due to customer order
612,2026-02-18,17,SALE,3,227,Inventory reduction due to customer order
821,2026-02-18,27,SALE,7,319,Inventory reduction due to customer order
265,2026-02-19,17,SALE,3,79,Inventory reduction due to customer order
266,2026-02-19,30,SALE,8,79,Inventory reduction due to customer order
267,2026-02-19,9,SALE,6,79,Inventory reduction due to customer order
834,2026-02-19,30,SALE,2,323,Inventory reduction due to customer order
918,2026-02-19,6,SALE,6,361,Inventory reduction due to customer order
919,2026-02-19,20,SALE,1,361,Inventory reduction due to customer order
920,2026-02-19,13,SALE,8,361,Inventory reduction due to customer order
921,2026-02-19,25,SALE,2,361,Inventory reduction due to customer order
822,2026-02-20,19,SALE,5,320,Inventory reduction due to customer order
823,2026-02-20,29,SALE,7,320,Inventory reduction due to customer order
824,2026-02-20,8,SALE,9,320,Inventory reduction due to customer order
825,2026-02-20,16,SALE,9,320,Inventory reduction due to customer order
542,2026-02-21,8,SALE,6,195,Inventory reduction due to customer order
543,2026-02-21,15,SALE,5,195,Inventory reduction due to customer order
992,2026-02-23,18,SALE,1,394,Inventory reduction due to customer order
132,2026-02-24,12,SALE,2,14,Inventory reduction due to customer order
133,2026-02-24,14,SALE,10,14,Inventory reduction due to customer order
627,2026-02-25,27,SALE,7,234,Inventory reduction due to customer order
922,2026-02-25,1,SALE,9,362,Inventory reduction due to customer order
923,2026-02-25,23,SALE,10,362,Inventory reduction due to customer order
924,2026-02-25,28,SALE,6,362,Inventory reduction due to customer order
249,2026-02-26,2,SALE,6,70,Inventory reduction due to customer order
412,2026-02-26,13,SALE,5,146,Inventory reduction due to customer order
413,2026-02-26,11,SALE,2,146,Inventory reduction due to customer order
414,2026-02-26,21,SALE,3,146,Inventory reduction due to customer order
932,2026-02-26,15,SALE,1,366,Inventory reduction due to customer order
933,2026-02-26,11,SALE,7,366,Inventory reduction due to customer order
934,2026-02-26,4,SALE,1,366,Inventory reduction due to customer order
935,2026-02-26,16,SALE,9,366,Inventory reduction due to customer order
1134,2026-02-26,20,ADJUSTMENT,-3,MANUAL_ADJUSTMENT,Manual stock correction after warehouse count
607,2026-02-27,4,SALE,9,226,Inventory reduction due to customer order
608,2026-02-27,1,SALE,10,226,Inventory reduction due to customer order
609,2026-02-27,3,SALE,6,226,Inventory reduction due to customer order
610,2026-02-27,12,SALE,1,226,Inventory reduction due to customer order
1142,2026-02-27,15,ADJUSTMENT,3,MANUAL_ADJUSTMENT,Manual stock correction after warehouse count
70,2026-02-28,1,RESTOCK,91,RESTOCK_2026-02-28,Scheduled supplier restock
71,2026-02-28,3,RESTOCK,36,RESTOCK_2026-02-28,Scheduled supplier restock
72,2026-02-28,5,RESTOCK,44,RESTOCK_2026-02-28,Scheduled supplier restock
73,2026-02-28,6,RESTOCK,85,RESTOCK_2026-02-28,Scheduled supplier restock
74,2026-02-28,7,RESTOCK,51,RESTOCK_2026-02-28,Scheduled supplier restock
75,2026-02-28,11,RESTOCK,35,RESTOCK_2026-02-28,Scheduled supplier restock
76,2026-02-28,15,RESTOCK,41,RESTOCK_2026-02-28,Scheduled supplier restock
77,2026-02-28,16,RESTOCK,93,RESTOCK_2026-02-28,Scheduled supplier restock
78,2026-02-28,17,RESTOCK,109,RESTOCK_2026-02-28,Scheduled supplier restock
79,2026-02-28,18,RESTOCK,110,RESTOCK_2026-02-28,Scheduled supplier restock
80,2026-02-28,19,RESTOCK,75,RESTOCK_2026-02-28,Scheduled supplier restock
81,2026-02-28,23,RESTOCK,59,RESTOCK_2026-02-28,Scheduled supplier restock
82,2026-02-28,24,RESTOCK,101,RESTOCK_2026-02-28,Scheduled supplier restock
83,2026-02-28,29,RESTOCK,118,RESTOCK_2026-02-28,Scheduled supplier restock
464,2026-02-28,5,SALE,2,164,Inventory reduction due to customer order
944,2026-02-28,16,SALE,9,372,Inventory reduction due to customer order
945,2026-02-28,1,SALE,9,372,Inventory reduction due to customer order
508,2026-03-01,28,SALE,8,181,Inventory reduction due to customer order
509,2026-03-01,17,SALE,4,181,Inventory reduction due to customer order
582,2026-03-01,22,SALE,9,213,Inventory reduction due to customer order
583,2026-03-01,16,SALE,1,213,Inventory reduction due to customer order
584,2026-03-01,1,SALE,9,213,Inventory reduction due to customer order
585,2026-03-01,18,SALE,9,213,Inventory reduction due to customer order
936,2026-03-01,23,SALE,2,368,Inventory reduction due to customer order
937,2026-03-01,22,SALE,4,368,Inventory reduction due to customer order
938,2026-03-01,12,SALE,6,368,Inventory reduction due to customer order
939,2026-03-01,15,SALE,5,368,Inventory reduction due to customer order
1052,2026-03-01,13,SALE,2,420,Inventory reduction due to customer order
1053,2026-03-01,5,SALE,4,420,Inventory reduction due to customer order
617,2026-03-02,13,SALE,6,230,Inventory reduction due to customer order
183,2026-03-03,11,SALE,6,38,Inventory reduction due to customer order
184,2026-03-03,1,SALE,8,38,Inventory reduction due to customer order
185,2026-03-03,16,SALE,6,38,Inventory reduction due to customer order
186,2026-03-03,28,SALE,6,38,Inventory reduction due to customer order
173,2026-03-04,20,SALE,2,33,Inventory reduction due to customer order
174,2026-03-04,24,SALE,5,33,Inventory reduction due to customer order
256,2026-03-04,3,SALE,6,73,Inventory reduction due to customer order
257,2026-03-04,15,SALE,5,73,Inventory reduction due to customer order
268,2026-03-04,28,SALE,7,80,Inventory reduction due to customer order
269,2026-03-04,22,SALE,6,80,Inventory reduction due to customer order
454,2026-03-04,1,SALE,8,161,Inventory reduction due to customer order
455,2026-03-04,3,SALE,4,161,Inventory reduction due to customer order
456,2026-03-04,13,SALE,6,161,Inventory reduction due to customer order
457,2026-03-04,17,SALE,1,161,Inventory reduction due to customer order
520,2026-03-04,23,SALE,5,185,Inventory reduction due to customer order
521,2026-03-04,4,SALE,10,185,Inventory reduction due to customer order
522,2026-03-04,21,SALE,4,185,Inventory reduction due to customer order
861,2026-03-04,19,SALE,6,336,Inventory reduction due to customer order
862,2026-03-04,4,SALE,10,336,Inventory reduction due to customer order
863,2026-03-04,1,SALE,5,336,Inventory reduction due to customer order
864,2026-03-04,17,SALE,2,336,Inventory reduction due to customer order
500,2026-03-05,1,SALE,3,177,Inventory reduction due to customer order
501,2026-03-05,18,SALE,8,177,Inventory reduction due to customer order
536,2026-03-05,25,SALE,7,192,Inventory reduction due to customer order
537,2026-03-05,5,SALE,7,192,Inventory reduction due to customer order
1030,2026-03-05,21,SALE,6,411,Inventory reduction due to customer order
150,2026-03-06,27,SALE,5,23,Inventory reduction due to customer order
151,2026-03-06,21,SALE,8,23,Inventory reduction due to customer order
240,2026-03-06,16,SALE,3,66,Inventory reduction due to customer order
241,2026-03-06,2,SALE,10,66,Inventory reduction due to customer order
200,2026-03-07,9,SALE,8,46,Inventory reduction due to customer order
426,2026-03-07,27,SALE,6,152,Inventory reduction due to customer order
427,2026-03-07,19,SALE,8,152,Inventory reduction due to customer order
428,2026-03-07,3,SALE,9,152,Inventory reduction due to customer order
429,2026-03-07,5,SALE,3,152,Inventory reduction due to customer order
495,2026-03-07,30,SALE,5,175,Inventory reduction due to customer order
496,2026-03-07,18,SALE,2,175,Inventory reduction due to customer order
497,2026-03-07,23,SALE,10,175,Inventory reduction due to customer order
523,2026-03-07,14,SALE,8,186,Inventory reduction due to customer order
524,2026-03-07,23,SALE,4,186,Inventory reduction due to customer order
525,2026-03-07,18,SALE,10,186,Inventory reduction due to customer order
630,2026-03-07,18,SALE,9,236,Inventory reduction due to customer order
631,2026-03-07,2,SALE,2,236,Inventory reduction due to customer order
632,2026-03-07,26,SALE,4,236,Inventory reduction due to customer order
633,2026-03-07,12,SALE,3,236,Inventory reduction due to customer order
615,2026-03-08,24,SALE,8,229,Inventory reduction due to customer order
616,2026-03-08,21,SALE,10,229,Inventory reduction due to customer order
846,2026-03-09,17,SALE,3,328,Inventory reduction due to customer order
782,2026-03-10,20,SALE,1,303,Inventory reduction due to customer order
783,2026-03-10,8,SALE,8,303,Inventory reduction due to customer order
929,2026-03-10,2,SALE,9,365,Inventory reduction due to customer order
930,2026-03-10,17,SALE,7,365,Inventory reduction due to customer order
931,2026-03-10,8,SALE,2,365,Inventory reduction due to customer order
458,2026-03-11,10,SALE,2,162,Inventory reduction due to customer order
459,2026-03-11,18,SALE,3,162,Inventory reduction due to customer order
460,2026-03-11,1,SALE,6,162,Inventory reduction due to customer order
461,2026-03-11,28,SALE,6,162,Inventory reduction due to customer order
225,2026-03-12,9,SALE,3,59,Inventory reduction due to customer order
226,2026-03-12,18,SALE,8,59,Inventory reduction due to customer order
228,2026-03-12,14,SALE,8,62,Inventory reduction due to customer order
229,2026-03-12,27,SALE,8,62,Inventory reduction due to customer order
230,2026-03-12,16,SALE,3,62,Inventory reduction due to customer order
261,2026-03-12,20,SALE,6,76,Inventory reduction due to customer order
262,2026-03-12,26,SALE,4,76,Inventory reduction due to customer order
330,2026-03-12,18,SALE,9,106,Inventory reduction due to customer order
331,2026-03-12,23,SALE,2,106,Inventory reduction due to customer order
332,2026-03-12,8,SALE,1,106,Inventory reduction due to customer order
333,2026-03-12,17,SALE,1,106,Inventory reduction due to customer order
1107,2026-03-12,12,SALE,5,446,Inventory reduction due to customer order
1108,2026-03-12,28,SALE,3,446,Inventory reduction due to customer order
1109,2026-03-12,13,SALE,3,446,Inventory reduction due to customer order
379,2026-03-13,12,SALE,4,129,Inventory reduction due to customer order
869,2026-03-14,10,SALE,8,340,Inventory reduction due to customer order
870,2026-03-14,4,SALE,5,340,Inventory reduction due to customer order
1017,2026-03-14,25,SALE,1,406,Inventory reduction due to customer order
1018,2026-03-14,19,SALE,5,406,Inventory reduction due to customer order
1019,2026-03-14,7,SALE,9,406,Inventory reduction due to customer order
1020,2026-03-14,30,SALE,3,406,Inventory reduction due to customer order
1054,2026-03-14,6,SALE,8,421,Inventory reduction due to customer order
1132,2026-03-14,13,ADJUSTMENT,-3,MANUAL_ADJUSTMENT,Manual stock correction after warehouse count
656,2026-03-15,19,SALE,7,247,Inventory reduction due to customer order
657,2026-03-15,13,SALE,8,247,Inventory reduction due to customer order
1074,2026-03-15,6,SALE,7,429,Inventory reduction due to customer order
292,2026-03-16,20,SALE,9,92,Inventory reduction due to customer order
293,2026-03-16,2,SALE,8,92,Inventory reduction due to customer order
325,2026-03-16,10,SALE,10,104,Inventory reduction due to customer order
448,2026-03-16,15,SALE,5,159,Inventory reduction due to customer order
449,2026-03-16,4,SALE,4,159,Inventory reduction due to customer order
533,2026-03-16,18,SALE,8,189,Inventory reduction due to customer order
857,2026-03-16,16,SALE,3,334,Inventory reduction due to customer order
984,2026-03-16,10,SALE,4,390,Inventory reduction due to customer order
415,2026-03-17,9,SALE,5,147,Inventory reduction due to customer order
643,2026-03-17,18,SALE,4,242,Inventory reduction due to customer order
644,2026-03-17,14,SALE,3,242,Inventory reduction due to customer order
645,2026-03-17,15,SALE,7,242,Inventory reduction due to customer order
713,2026-03-17,10,SALE,4,269,Inventory reduction due to customer order
714,2026-03-17,21,SALE,7,269,Inventory reduction due to customer order
715,2026-03-17,2,SALE,4,269,Inventory reduction due to customer order
716,2026-03-17,26,SALE,10,269,Inventory reduction due to customer order
1121,2026-03-17,7,ADJUSTMENT,-10,MANUAL_ADJUSTMENT,Manual stock correction after warehouse count
925,2026-03-18,16,SALE,7,363,Inventory reduction due to customer order
926,2026-03-18,12,SALE,9,363,Inventory reduction due to customer order
940,2026-03-18,29,SALE,3,369,Inventory reduction due to customer order
1063,2026-03-18,21,SALE,6,426,Inventory reduction due to customer order
1064,2026-03-18,7,SALE,6,426,Inventory reduction due to customer order
1065,2026-03-18,23,SALE,3,426,Inventory reduction due to customer order
1066,2026-03-18,26,SALE,10,426,Inventory reduction due to customer order
326,2026-03-19,20,SALE,5,105,Inventory reduction due to customer order
327,2026-03-19,2,SALE,3,105,Inventory reduction due to customer order
328,2026-03-19,1,SALE,5,105,Inventory reduction due to customer order
329,2026-03-19,7,SALE,2,105,Inventory reduction due to customer order
486,2026-03-19,15,SALE,9,171,Inventory reduction due to customer order
487,2026-03-19,30,SALE,9,171,Inventory reduction due to customer order
526,2026-03-19,3,SALE,2,187,Inventory reduction due to customer order
527,2026-03-19,30,SALE,9,187,Inventory reduction due to customer order
528,2026-03-19,19,SALE,4,187,Inventory reduction due to customer order
729,2026-03-19,16,SALE,8,277,Inventory reduction due to customer order
198,2026-03-21,18,SALE,5,44,Inventory reduction due to customer order
568,2026-03-21,17,SALE,8,207,Inventory reduction due to customer order
569,2026-03-21,29,SALE,8,207,Inventory reduction due to customer order
570,2026-03-21,16,SALE,4,207,Inventory reduction due to customer order
387,2026-03-22,23,SALE,5,134,Inventory reduction due to customer order
388,2026-03-22,5,SALE,1,134,Inventory reduction due to customer order
529,2026-03-22,4,SALE,10,188,Inventory reduction due to customer order
530,2026-03-22,22,SALE,2,188,Inventory reduction due to customer order
531,2026-03-22,7,SALE,8,188,Inventory reduction due to customer order
532,2026-03-22,23,SALE,8,188,Inventory reduction due to customer order
678,2026-03-22,10,SALE,9,255,Inventory reduction due to customer order
679,2026-03-22,19,SALE,3,255,Inventory reduction due to customer order
680,2026-03-22,9,SALE,1,255,Inventory reduction due to customer order
978,2026-03-22,29,SALE,6,386,Inventory reduction due to customer order
979,2026-03-22,7,SALE,6,386,Inventory reduction due to customer order
1016,2026-03-22,24,SALE,2,405,Inventory reduction due to customer order
1088,2026-03-22,8,SALE,7,438,Inventory reduction due to customer order
1089,2026-03-22,10,SALE,2,438,Inventory reduction due to customer order
1090,2026-03-22,3,SALE,3,438,Inventory reduction due to customer order
156,2026-03-23,27,SALE,7,26,Inventory reduction due to customer order
157,2026-03-23,14,SALE,1,26,Inventory reduction due to customer order
288,2026-03-23,22,SALE,1,89,Inventory reduction due to customer order
549,2026-03-23,5,SALE,9,198,Inventory reduction due to customer order
284,2026-03-24,7,SALE,8,86,Inventory reduction due to customer order
285,2026-03-24,4,SALE,4,86,Inventory reduction due to customer order
286,2026-03-24,28,SALE,1,86,Inventory reduction due to customer order
391,2026-03-24,13,SALE,8,136,Inventory reduction due to customer order
397,2026-03-24,10,SALE,1,140,Inventory reduction due to customer order
398,2026-03-24,12,SALE,5,140,Inventory reduction due to customer order
626,2026-03-24,24,SALE,8,233,Inventory reduction due to customer order
1062,2026-03-24,23,SALE,1,425,Inventory reduction due to customer order
84,2026-03-25,2,RESTOCK,35,RESTOCK_2026-03-25,Scheduled supplier restock
85,2026-03-25,5,RESTOCK,119,RESTOCK_2026-03-25,Scheduled supplier restock
86,2026-03-25,9,RESTOCK,89,RESTOCK_2026-03-25,Scheduled supplier restock
87,2026-03-25,10,RESTOCK,106,RESTOCK_2026-03-25,Scheduled supplier restock
88,2026-03-25,13,RESTOCK,49,RESTOCK_2026-03-25,Scheduled supplier restock
89,2026-03-25,25,RESTOCK,38,RESTOCK_2026-03-25,Scheduled supplier restock
420,2026-03-25,28,SALE,3,149,Inventory reduction due to customer order
421,2026-03-25,6,SALE,9,149,Inventory reduction due to customer order
422,2026-03-25,23,SALE,2,149,Inventory reduction due to customer order
575,2026-03-25,24,SALE,3,210,Inventory reduction due to customer order
576,2026-03-25,21,SALE,3,210,Inventory reduction due to customer order
577,2026-03-25,16,SALE,9,210,Inventory reduction due to customer order
578,2026-03-25,15,SALE,3,210,Inventory reduction due to customer order
903,2026-03-25,11,SALE,2,356,Inventory reduction due to customer order
904,2026-03-25,8,SALE,10,356,Inventory reduction due to customer order
905,2026-03-25,1,SALE,3,356,Inventory reduction due to customer order
906,2026-03-25,22,SALE,9,356,Inventory reduction due to customer order
193,2026-03-26,12,SALE,5,41,Inventory reduction due to customer order
194,2026-03-26,23,SALE,5,41,Inventory reduction due to customer order
195,2026-03-26,15,SALE,2,41,Inventory reduction due to customer order
207,2026-03-26,15,SALE,5,51,Inventory reduction due to customer order
208,2026-03-26,23,SALE,4,51,Inventory reduction due to customer order
209,2026-03-26,20,SALE,5,51,Inventory reduction due to customer order
210,2026-03-26,16,SALE,2,51,Inventory reduction due to customer order
951,2026-03-26,22,SALE,3,376,Inventory reduction due to customer order
952,2026-03-26,12,SALE,9,376,Inventory reduction due to customer order
953,2026-03-26,30,SALE,6,376,Inventory reduction due to customer order
558,2026-03-27,9,SALE,6,203,Inventory reduction due to customer order
559,2026-03-27,7,SALE,8,203,Inventory reduction due to customer order
1126,2026-03-27,18,ADJUSTMENT,3,MANUAL_ADJUSTMENT,Manual stock correction after warehouse count
102,2026-03-29,17,SALE,3,2,Inventory reduction due to customer order
103,2026-03-29,9,SALE,2,2,Inventory reduction due to customer order
163,2026-03-29,5,SALE,1,30,Inventory reduction due to customer order
164,2026-03-29,28,SALE,7,30,Inventory reduction due to customer order
165,2026-03-29,15,SALE,4,30,Inventory reduction due to customer order
166,2026-03-29,6,SALE,6,30,Inventory reduction due to customer order
345,2026-03-29,28,SALE,3,112,Inventory reduction due to customer order
346,2026-03-29,21,SALE,2,112,Inventory reduction due to customer order
347,2026-03-29,11,SALE,8,112,Inventory reduction due to customer order
1026,2026-03-29,24,SALE,6,409,Inventory reduction due to customer order
1027,2026-03-29,16,SALE,4,409,Inventory reduction due to customer order
1139,2026-03-29,8,ADJUSTMENT,5,MANUAL_ADJUSTMENT,Manual stock correction after warehouse count
748,2026-03-30,8,SALE,5,287,Inventory reduction due to customer order
749,2026-03-30,10,SALE,7,287,Inventory reduction due to customer order
264,2026-04-02,30,SALE,5,78,Inventory reduction due to customer order
573,2026-04-02,11,SALE,7,209,Inventory reduction due to customer order
574,2026-04-02,8,SALE,4,209,Inventory reduction due to customer order
634,2026-04-02,13,SALE,10,238,Inventory reduction due to customer order
635,2026-04-02,15,SALE,3,238,Inventory reduction due to customer order
636,2026-04-02,25,SALE,1,238,Inventory reduction due to customer order
687,2026-04-02,24,SALE,8,258,Inventory reduction due to customer order
874,2026-04-02,17,SALE,7,343,Inventory reduction due to customer order
875,2026-04-02,4,SALE,5,343,Inventory reduction due to customer order
216,2026-04-03,3,SALE,6,56,Inventory reduction due to customer order
217,2026-04-03,16,SALE,2,56,Inventory reduction due to customer order
218,2026-04-03,12,SALE,6,56,Inventory reduction due to customer order
219,2026-04-03,14,SALE,8,56,Inventory reduction due to customer order
271,2026-04-03,4,SALE,8,82,Inventory reduction due to customer order
272,2026-04-03,22,SALE,10,82,Inventory reduction due to customer order
273,2026-04-03,8,SALE,6,82,Inventory reduction due to customer order
1081,2026-04-03,8,SALE,8,434,Inventory reduction due to customer order
1082,2026-04-03,20,SALE,10,434,Inventory reduction due to customer order
1083,2026-04-03,7,SALE,5,434,Inventory reduction due to customer order
674,2026-04-04,6,SALE,4,254,Inventory reduction due to customer order
675,2026-04-04,20,SALE,1,254,Inventory reduction due to customer order
676,2026-04-04,5,SALE,6,254,Inventory reduction due to customer order
677,2026-04-04,26,SALE,5,254,Inventory reduction due to customer order
853,2026-04-04,27,SALE,5,332,Inventory reduction due to customer order
854,2026-04-04,29,SALE,5,332,Inventory reduction due to customer order
1085,2026-04-04,3,SALE,4,437,Inventory reduction due to customer order
1086,2026-04-04,13,SALE,6,437,Inventory reduction due to customer order
1087,2026-04-04,21,SALE,6,437,Inventory reduction due to customer order
129,2026-04-06,14,SALE,2,13,Inventory reduction due to customer order
130,2026-04-06,20,SALE,10,13,Inventory reduction due to customer order
131,2026-04-06,17,SALE,5,13,Inventory reduction due to customer order
187,2026-04-06,3,SALE,7,39,Inventory reduction due to customer order
188,2026-04-06,8,SALE,9,39,Inventory reduction due to customer order
202,2026-04-06,15,SALE,10,49,Inventory reduction due to customer order
203,2026-04-06,30,SALE,5,49,Inventory reduction due to customer order
204,2026-04-06,10,SALE,10,49,Inventory reduction due to customer order
205,2026-04-06,28,SALE,10,49,Inventory reduction due to customer order
476,2026-04-06,24,SALE,10,168,Inventory reduction due to customer order
477,2026-04-06,2,SALE,3,168,Inventory reduction due to customer order
548,2026-04-07,13,SALE,8,197,Inventory reduction due to customer order
712,2026-04-07,28,SALE,5,268,Inventory reduction due to customer order
858,2026-04-07,23,SALE,7,335,Inventory reduction due to customer order
859,2026-04-07,21,SALE,6,335,Inventory reduction due to customer order
860,2026-04-07,9,SALE,5,335,Inventory reduction due to customer order
865,2026-04-07,24,SALE,8,338,Inventory reduction due to customer order
866,2026-04-07,1,SALE,5,338,Inventory reduction due to customer order
1047,2026-04-07,3,SALE,10,418,Inventory reduction due to customer order
1048,2026-04-07,7,SALE,8,418,Inventory reduction due to customer order
1049,2026-04-07,15,SALE,4,418,Inventory reduction due to customer order
1050,2026-04-07,20,SALE,9,419,Inventory reduction due to customer order
1051,2026-04-07,22,SALE,3,419,Inventory reduction due to customer order
1055,2026-04-07,3,SALE,8,422,Inventory reduction due to customer order
344,2026-04-08,6,SALE,8,111,Inventory reduction due to customer order
1056,2026-04-08,17,SALE,1,423,Inventory reduction due to customer order
1057,2026-04-08,14,SALE,7,423,Inventory reduction due to customer order
1058,2026-04-08,12,SALE,8,423,Inventory reduction due to customer order
1059,2026-04-08,28,SALE,6,423,Inventory reduction due to customer order
707,2026-04-10,21,SALE,3,265,Inventory reduction due to customer order
708,2026-04-10,24,SALE,10,265,Inventory reduction due to customer order
724,2026-04-10,4,SALE,3,275,Inventory reduction due to customer order
725,2026-04-10,1,SALE,3,275,Inventory reduction due to customer order
768,2026-04-11,14,SALE,1,297,Inventory reduction due to customer order
769,2026-04-11,29,SALE,5,297,Inventory reduction due to customer order
770,2026-04-11,18,SALE,3,297,Inventory reduction due to customer order
771,2026-04-11,16,SALE,4,297,Inventory reduction due to customer order
961,2026-04-11,8,SALE,5,380,Inventory reduction due to customer order
962,2026-04-11,17,SALE,7,380,Inventory reduction due to customer order
963,2026-04-11,26,SALE,7,380,Inventory reduction due to customer order
964,2026-04-11,23,SALE,9,380,Inventory reduction due to customer order
1004,2026-04-11,22,SALE,10,399,Inventory reduction due to customer order
1005,2026-04-11,26,SALE,9,399,Inventory reduction due to customer order
322,2026-04-12,15,SALE,8,103,Inventory reduction due to customer order
323,2026-04-12,22,SALE,8,103,Inventory reduction due to customer order
324,2026-04-12,14,SALE,5,103,Inventory reduction due to customer order
1097,2026-04-12,16,SALE,9,442,Inventory reduction due to customer order
1098,2026-04-12,6,SALE,7,442,Inventory reduction due to customer order
1099,2026-04-12,25,SALE,10,442,Inventory reduction due to customer order
892,2026-04-13,22,SALE,2,352,Inventory reduction due to customer order
897,2026-04-13,27,SALE,10,354,Inventory reduction due to customer order
898,2026-04-13,29,SALE,5,354,Inventory reduction due to customer order
899,2026-04-13,4,SALE,2,354,Inventory reduction due to customer order
900,2026-04-13,17,SALE,4,354,Inventory reduction due to customer order
913,2026-04-13,12,SALE,6,359,Inventory reduction due to customer order
886,2026-04-14,10,SALE,7,348,Inventory reduction due to customer order
887,2026-04-14,5,SALE,10,348,Inventory reduction due to customer order
888,2026-04-14,4,SALE,3,348,Inventory reduction due to customer order
1125,2026-04-14,19,ADJUSTMENT,-5,MANUAL_ADJUSTMENT,Manual stock correction after warehouse count
358,2026-04-15,18,SALE,7,118,Inventory reduction due to customer order
478,2026-04-15,5,SALE,1,169,Inventory reduction due to customer order
479,2026-04-15,27,SALE,2,169,Inventory reduction due to customer order
480,2026-04-15,22,SALE,1,169,Inventory reduction due to customer order
481,2026-04-15,8,SALE,6,169,Inventory reduction due to customer order
434,2026-04-16,20,SALE,9,155,Inventory reduction due to customer order
435,2026-04-16,18,SALE,10,155,Inventory reduction due to customer order
436,2026-04-16,3,SALE,3,155,Inventory reduction due to customer order
882,2026-04-16,13,SALE,4,347,Inventory reduction due to customer order
883,2026-04-16,1,SALE,1,347,Inventory reduction due to customer order
884,2026-04-16,2,SALE,9,347,Inventory reduction due to customer order
885,2026-04-16,18,SALE,1,347,Inventory reduction due to customer order
1137,2026-04-16,25,ADJUSTMENT,3,MANUAL_ADJUSTMENT,Manual stock correction after warehouse count
199,2026-04-17,19,SALE,5,45,Inventory reduction due to customer order
386,2026-04-17,27,SALE,8,133,Inventory reduction due to customer order
430,2026-04-17,14,SALE,1,153,Inventory reduction due to customer order
431,2026-04-17,17,SALE,9,153,Inventory reduction due to customer order
513,2026-04-17,3,SALE,2,183,Inventory reduction due to customer order
514,2026-04-17,13,SALE,3,183,Inventory reduction due to customer order
515,2026-04-17,22,SALE,6,183,Inventory reduction due to customer order
651,2026-04-17,19,SALE,8,245,Inventory reduction due to customer order
652,2026-04-17,4,SALE,3,245,Inventory reduction due to customer order
653,2026-04-17,12,SALE,10,245,Inventory reduction due to customer order
654,2026-04-17,28,SALE,2,245,Inventory reduction due to customer order
579,2026-04-18,27,SALE,1,211,Inventory reduction due to customer order
90,2026-04-19,3,RESTOCK,112,RESTOCK_2026-04-19,Scheduled supplier restock
91,2026-04-19,4,RESTOCK,42,RESTOCK_2026-04-19,Scheduled supplier restock
92,2026-04-19,6,RESTOCK,46,RESTOCK_2026-04-19,Scheduled supplier restock
93,2026-04-19,7,RESTOCK,34,RESTOCK_2026-04-19,Scheduled supplier restock
94,2026-04-19,8,RESTOCK,92,RESTOCK_2026-04-19,Scheduled supplier restock
95,2026-04-19,9,RESTOCK,34,RESTOCK_2026-04-19,Scheduled supplier restock
96,2026-04-19,15,RESTOCK,76,RESTOCK_2026-04-19,Scheduled supplier restock
97,2026-04-19,16,RESTOCK,39,RESTOCK_2026-04-19,Scheduled supplier restock
98,2026-04-19,17,RESTOCK,56,RESTOCK_2026-04-19,Scheduled supplier restock
99,2026-04-19,28,RESTOCK,108,RESTOCK_2026-04-19,Scheduled supplier restock
100,2026-04-19,29,RESTOCK,35,RESTOCK_2026-04-19,Scheduled supplier restock
354,2026-04-19,15,SALE,6,117,Inventory reduction due to customer order
355,2026-04-19,17,SALE,5,117,Inventory reduction due to customer order
356,2026-04-19,20,SALE,7,117,Inventory reduction due to customer order
357,2026-04-19,6,SALE,10,117,Inventory reduction due to customer order
1006,2026-04-19,9,SALE,2,400,Inventory reduction due to customer order
440,2026-04-20,20,SALE,9,157,Inventory reduction due to customer order
441,2026-04-20,21,SALE,5,157,Inventory reduction due to customer order
442,2026-04-20,1,SALE,4,157,Inventory reduction due to customer order
443,2026-04-20,16,SALE,5,157,Inventory reduction due to customer order
502,2026-04-20,11,SALE,1,178,Inventory reduction due to customer order
503,2026-04-20,10,SALE,10,178,Inventory reduction due to customer order
504,2026-04-20,21,SALE,9,178,Inventory reduction due to customer order
672,2026-04-21,15,SALE,5,252,Inventory reduction due to customer order
681,2026-04-21,8,SALE,6,256,Inventory reduction due to customer order
682,2026-04-21,5,SALE,7,256,Inventory reduction due to customer order
699,2026-04-21,7,SALE,8,262,Inventory reduction due to customer order
437,2026-04-22,27,SALE,1,156,Inventory reduction due to customer order
438,2026-04-22,30,SALE,2,156,Inventory reduction due to customer order
439,2026-04-22,19,SALE,10,156,Inventory reduction due to customer order
946,2026-04-22,17,SALE,7,374,Inventory reduction due to customer order
947,2026-04-22,29,SALE,4,374,Inventory reduction due to customer order
948,2026-04-22,13,SALE,7,374,Inventory reduction due to customer order
1124,2026-04-22,17,ADJUSTMENT,-5,MANUAL_ADJUSTMENT,Manual stock correction after warehouse count
134,2026-04-23,17,SALE,7,15,Inventory reduction due to customer order
135,2026-04-23,10,SALE,7,15,Inventory reduction due to customer order
136,2026-04-23,22,SALE,9,15,Inventory reduction due to customer order
144,2026-04-23,22,SALE,4,18,Inventory reduction due to customer order
145,2026-04-23,10,SALE,3,18,Inventory reduction due to customer order
220,2026-04-23,15,SALE,2,57,Inventory reduction due to customer order
403,2026-04-23,6,SALE,8,143,Inventory reduction due to customer order
404,2026-04-23,23,SALE,6,143,Inventory reduction due to customer order
405,2026-04-23,15,SALE,7,143,Inventory reduction due to customer order
406,2026-04-23,12,SALE,1,143,Inventory reduction due to customer order
1024,2026-04-23,25,SALE,3,408,Inventory reduction due to customer order
1025,2026-04-23,17,SALE,3,408,Inventory reduction due to customer order
101,2026-04-25,1,SALE,8,1,Inventory reduction due to customer order
407,2026-04-25,1,SALE,10,144,Inventory reduction due to customer order
408,2026-04-25,5,SALE,1,144,Inventory reduction due to customer order
985,2026-04-25,27,SALE,7,392,Inventory reduction due to customer order
986,2026-04-25,4,SALE,3,392,Inventory reduction due to customer order
987,2026-04-25,7,SALE,8,392,Inventory reduction due to customer order
988,2026-04-25,18,SALE,1,392,Inventory reduction due to customer order
488,2026-04-27,8,SALE,9,172,Inventory reduction due to customer order
489,2026-04-27,9,SALE,4,172,Inventory reduction due to customer order
826,2026-04-27,6,SALE,1,321,Inventory reduction due to customer order
827,2026-04-27,7,SALE,2,321,Inventory reduction due to customer order
828,2026-04-27,26,SALE,4,321,Inventory reduction due to customer order
829,2026-04-27,5,SALE,10,321,Inventory reduction due to customer order
1012,2026-04-27,15,SALE,8,404,Inventory reduction due to customer order
1013,2026-04-27,12,SALE,2,404,Inventory reduction due to customer order
1014,2026-04-27,25,SALE,10,404,Inventory reduction due to customer order
1015,2026-04-27,10,SALE,5,404,Inventory reduction due to customer order
601,2026-04-28,25,SALE,10,223,Inventory reduction due to customer order
109,2026-04-29,29,SALE,1,5,Inventory reduction due to customer order
110,2026-04-29,30,SALE,7,5,Inventory reduction due to customer order
111,2026-04-29,28,SALE,1,5,Inventory reduction due to customer order
1110,2026-04-29,26,SALE,7,447,Inventory reduction due to customer order
1111,2026-04-29,8,SALE,4,447,Inventory reduction due to customer order
1112,2026-04-29,18,SALE,3,447,Inventory reduction due to customer order
115,2026-04-30,19,SALE,7,7,Inventory reduction due to customer order
116,2026-04-30,18,SALE,1,7,Inventory reduction due to customer order
117,2026-04-30,5,SALE,6,7,Inventory reduction due to customer order
189,2026-04-30,15,SALE,5,40,Inventory reduction due to customer order
190,2026-04-30,26,SALE,7,40,Inventory reduction due to customer order
191,2026-04-30,1,SALE,5,40,Inventory reduction due to customer order
192,2026-04-30,3,SALE,6,40,Inventory reduction due to customer order
258,2026-04-30,7,SALE,8,74,Inventory reduction due to customer order
259,2026-04-30,13,SALE,4,74,Inventory reduction due to customer order
260,2026-04-30,28,SALE,10,74,Inventory reduction due to customer order
595,2026-04-30,2,SALE,4,221,Inventory reduction due to customer order
596,2026-04-30,4,SALE,6,221,Inventory reduction due to customer order
597,2026-04-30,14,SALE,10,221,Inventory reduction due to customer order
658,2026-05-01,10,SALE,8,248,Inventory reduction due to customer order
659,2026-05-01,5,SALE,1,248,Inventory reduction due to customer order
660,2026-05-01,6,SALE,1,248,Inventory reduction due to customer order
661,2026-05-01,11,SALE,3,248,Inventory reduction due to customer order
791,2026-05-01,22,SALE,3,307,Inventory reduction due to customer order
792,2026-05-01,19,SALE,5,307,Inventory reduction due to customer order
640,2026-05-02,2,SALE,2,241,Inventory reduction due to customer order
641,2026-05-02,26,SALE,6,241,Inventory reduction due to customer order
642,2026-05-02,23,SALE,3,241,Inventory reduction due to customer order
722,2026-05-02,2,SALE,2,274,Inventory reduction due to customer order
723,2026-05-02,8,SALE,2,274,Inventory reduction due to customer order
1060,2026-05-02,9,SALE,4,424,Inventory reduction due to customer order
1061,2026-05-02,16,SALE,5,424,Inventory reduction due to customer order
301,2026-05-03,14,SALE,4,95,Inventory reduction due to customer order
302,2026-05-03,15,SALE,6,95,Inventory reduction due to customer order
1129,2026-05-03,15,ADJUSTMENT,10,MANUAL_ADJUSTMENT,Manual stock correction after warehouse count
788,2026-05-04,10,SALE,3,306,Inventory reduction due to customer order
789,2026-05-04,11,SALE,8,306,Inventory reduction due to customer order
790,2026-05-04,5,SALE,3,306,Inventory reduction due to customer order
1031,2026-05-04,27,SALE,10,412,Inventory reduction due to customer order
1032,2026-05-04,24,SALE,10,412,Inventory reduction due to customer order
1033,2026-05-04,9,SALE,7,412,Inventory reduction due to customer order
