order_id,order_date,customer_id,order_status
311,2025-11-05,7,completed
131,2025-11-06,11,completed
184,2025-11-06,34,completed
403,2025-11-06,41,completed
310,2025-11-07,34,completed
448,2025-11-07,23,completed
90,2025-11-08,46,shipped
381,2025-11-08,33,completed
444,2025-11-08,27,completed
214,2025-11-09,65,shipped
350,2025-11-09,30,completed
190,2025-11-10,51,completed
243,2025-11-12,79,shipped
250,2025-11-13,36,completed
114,2025-11-14,8,completed
123,2025-11-14,44,shipped
139,2025-11-14,38,completed
166,2025-11-14,18,shipped
180,2025-11-14,2,completed
398,2025-11-15,1,completed
19,2025-11-16,32,cancelled
237,2025-11-16,73,cancelled
286,2025-11-16,30,shipped
349,2025-11-16,39,cancelled
353,2025-11-17,15,completed
344,2025-11-18,20,completed
364,2025-11-18,2,completed
443,2025-11-18,68,shipped
330,2025-11-19,32,completed
93,2025-11-20,62,shipped
200,2025-11-20,72,cancelled
272,2025-11-20,51,completed
379,2025-11-20,38,completed
450,2025-11-20,28,shipped
47,2025-11-21,52,completed
259,2025-11-21,69,completed
337,2025-11-21,44,cancelled
395,2025-11-21,75,completed
145,2025-11-22,31,shipped
158,2025-11-23,8,completed
191,2025-11-23,6,completed
205,2025-11-23,25,shipped
271,2025-11-23,3,completed
385,2025-11-23,41,completed
393,2025-11-23,7,completed
107,2025-11-24,41,completed
294,2025-11-24,3,cancelled
317,2025-11-25,61,shipped
441,2025-11-25,64,completed
97,2025-11-26,12,completed
120,2025-11-26,40,completed
218,2025-11-26,64,shipped
108,2025-11-27,56,shipped
253,2025-11-27,57,shipped
102,2025-11-28,68,completed
204,2025-11-28,69,shipped
290,2025-11-28,21,shipped
367,2025-11-28,78,cancelled
430,2025-11-28,19,completed
84,2025-11-29,31,shipped
160,2025-11-29,7,completed
292,2025-11-29,60,completed
358,2025-11-29,6,completed
67,2025-11-30,57,completed
324,2025-11-30,37,shipped
357,2025-11-30,33,completed
127,2025-12-01,67,shipped
239,2025-12-01,38,completed
264,2025-12-01,14,completed
225,2025-12-02,12,completed
289,2025-12-02,20,completed
132,2025-12-03,37,completed
196,2025-12-03,5,shipped
100,2025-12-04,36,completed
251,2025-12-04,35,shipped
360,2025-12-04,52,completed
436,2025-12-04,66,cancelled
60,2025-12-06,4,cancelled
295,2025-12-06,6,cancelled
351,2025-12-06,47,shipped
91,2025-12-07,54,completed
308,2025-12-07,23,shipped
263,2025-12-08,76,completed
138,2025-12-09,6,completed
417,2025-12-09,66,completed
150,2025-12-10,31,shipped
235,2025-12-10,39,completed
370,2025-12-10,53,completed
53,2025-12-11,10,completed
220,2025-12-11,51,cancelled
257,2025-12-11,74,completed
309,2025-12-11,43,shipped
174,2025-12-12,38,completed
305,2025-12-12,76,shipped
378,2025-12-12,7,completed
170,2025-12-13,53,completed
85,2025-12-14,54,completed
99,2025-12-14,62,completed
122,2025-12-14,10,completed
316,2025-12-14,7,completed
384,2025-12-14,6,completed
261,2025-12-15,36,completed
433,2025-12-15,12,cancelled
126,2025-12-16,26,shipped
312,2025-12-16,58,completed
29,2025-12-17,60,shipped
124,2025-12-17,57,completed
72,2025-12-19,11,completed
179,2025-12-19,54,shipped
325,2025-12-19,36,completed
21,2025-12-20,67,completed
382,2025-12-20,10,completed
428,2025-12-20,48,completed
299,2025-12-21,4,completed
341,2025-12-21,43,completed
345,2025-12-21,11,completed
63,2025-12-23,77,completed
206,2025-12-23,16,shipped
315,2025-12-23,53,completed
16,2025-12-24,54,completed
20,2025-12-24,50,completed
283,2025-12-26,38,completed
355,2025-12-26,34,shipped
440,2025-12-27,30,completed
17,2025-12-28,56,shipped
50,2025-12-28,28,completed
346,2025-12-28,22,completed
148,2025-12-29,79,completed
266,2025-12-30,12,shipped
387,2025-12-30,80,completed
11,2025-12-31,26,shipped
28,2025-12-31,35,completed
83,2025-12-31,9,completed
128,2025-12-31,58,shipped
301,2025-12-31,74,shipped
397,2025-12-31,18,shipped
202,2026-01-01,39,shipped
282,2026-01-01,67,cancelled
414,2026-01-01,67,completed
279,2026-01-02,66,completed
415,2026-01-02,10,completed
88,2026-01-03,43,shipped
199,2026-01-03,74,completed
410,2026-01-03,9,completed
285,2026-01-04,54,completed
125,2026-01-05,40,cancelled
388,2026-01-05,79,shipped
176,2026-01-06,7,completed
284,2026-01-06,20,completed
32,2026-01-07,26,shipped
224,2026-01-07,10,completed
298,2026-01-07,70,shipped
58,2026-01-08,42,completed
77,2026-01-08,18,completed
119,2026-01-08,78,shipped
389,2026-01-09,70,shipped
313,2026-01-10,14,completed
342,2026-01-10,75,completed
427,2026-01-10,69,completed
445,2026-01-10,24,completed
4,2026-01-11,15,shipped
52,2026-01-11,76,completed
64,2026-01-12,1,completed
228,2026-01-12,39,completed
101,2026-01-13,40,cancelled
219,2026-01-13,6,cancelled
24,2026-01-14,57,completed
94,2026-01-14,80,completed
113,2026-01-14,76,completed
331,2026-01-14,48,shipped
12,2026-01-15,45,completed
383,2026-01-15,72,completed
173,2026-01-17,27,completed
432,2026-01-17,25,completed
396,2026-01-18,39,completed
71,2026-01-19,46,completed
375,2026-01-19,58,shipped
167,2026-01-20,76,completed
327,2026-01-20,57,shipped
449,2026-01-20,33,completed
48,2026-01-21,11,cancelled
154,2026-01-21,22,completed
109,2026-01-23,44,completed
240,2026-01-23,44,completed
326,2026-01-23,36,shipped
329,2026-01-23,65,completed
42,2026-01-24,16,shipped
208,2026-01-24,53,completed
246,2026-01-24,16,completed
267,2026-01-24,18,completed
439,2026-01-24,46,completed
130,2026-01-25,13,shipped
288,2026-01-25,58,completed
322,2026-01-25,9,completed
402,2026-01-25,63,completed
37,2026-01-26,32,shipped
116,2026-01-26,78,completed
281,2026-01-26,32,completed
68,2026-01-28,69,completed
182,2026-01-28,21,shipped
304,2026-01-28,79,completed
416,2026-01-28,15,completed
6,2026-01-29,17,completed
10,2026-01-29,53,shipped
65,2026-01-29,71,shipped
87,2026-01-29,32,cancelled
314,2026-01-30,77,cancelled
371,2026-01-30,14,shipped
260,2026-01-31,7,completed
35,2026-02-01,69,completed
201,2026-02-01,49,shipped
276,2026-02-01,67,completed
110,2026-02-02,45,shipped
135,2026-02-03,31,completed
215,2026-02-03,35,shipped
377,2026-02-03,72,completed
8,2026-02-04,27,completed
291,2026-02-04,51,completed
300,2026-02-04,75,cancelled
36,2026-02-05,59,shipped
121,2026-02-05,40,completed
278,2026-02-05,8,completed
244,2026-02-06,42,completed
280,2026-02-06,50,cancelled
413,2026-02-06,76,completed
3,2026-02-07,37,completed
141,2026-02-07,56,shipped
151,2026-02-07,60,shipped
318,2026-02-07,49,completed
165,2026-02-08,44,completed
193,2026-02-09,49,completed
27,2026-02-10,62,completed
31,2026-02-10,36,shipped
217,2026-02-10,49,completed
231,2026-02-10,43,completed
25,2026-02-11,20,shipped
249,2026-02-11,72,completed
333,2026-02-11,7,completed
194,2026-02-13,68,completed
407,2026-02-13,29,shipped
81,2026-02-14,2,completed
222,2026-02-14,42,completed
232,2026-02-14,41,completed
296,2026-02-14,64,completed
96,2026-02-15,54,shipped
163,2026-02-15,7,completed
293,2026-02-15,48,completed
339,2026-02-16,50,shipped
61,2026-02-17,12,completed
435,2026-02-17,65,completed
98,2026-02-18,46,shipped
212,2026-02-18,18,shipped
227,2026-02-18,50,shipped
319,2026-02-18,76,completed
79,2026-02-19,23,completed
323,2026-02-19,20,completed
361,2026-02-19,76,completed
320,2026-02-20,69,completed
195,2026-02-21,69,completed
142,2026-02-23,78,cancelled
394,2026-02-23,41,completed
14,2026-02-24,1,completed
234,2026-02-25,38,shipped
362,2026-02-25,6,completed
70,2026-02-26,22,completed
146,2026-02-26,10,completed
366,2026-02-26,74,completed
226,2026-02-27,72,completed
164,2026-02-28,71,completed
372,2026-02-28,59,completed
181,2026-03-01,70,completed
213,2026-03-01,48,completed
368,2026-03-01,43,completed
420,2026-03-01,77,completed
230,2026-03-02,14,completed
38,2026-03-03,73,completed
33,2026-03-04,33,shipped
73,2026-03-04,37,completed
80,2026-03-04,10,completed
161,2026-03-04,64,shipped
185,2026-03-04,40,completed
336,2026-03-04,39,completed
177,2026-03-05,13,completed
192,2026-03-05,5,completed
411,2026-03-05,59,shipped
23,2026-03-06,58,completed
66,2026-03-06,49,completed
46,2026-03-07,57,completed
152,2026-03-07,68,completed
175,2026-03-07,28,completed
186,2026-03-07,20,completed
236,2026-03-07,75,completed
229,2026-03-08,10,completed
328,2026-03-09,67,shipped
303,2026-03-10,5,completed
365,2026-03-10,42,completed
162,2026-03-11,77,shipped
59,2026-03-12,57,shipped
62,2026-03-12,38,completed
76,2026-03-12,37,shipped
106,2026-03-12,56,completed
446,2026-03-12,55,completed
129,2026-03-13,48,completed
340,2026-03-14,39,shipped
406,2026-03-14,4,shipped
421,2026-03-14,54,shipped
247,2026-03-15,50,completed
273,2026-03-15,27,cancelled
429,2026-03-15,52,shipped
92,2026-03-16,76,completed
104,2026-03-16,15,completed
159,2026-03-16,72,completed
189,2026-03-16,54,completed
334,2026-03-16,3,shipped
390,2026-03-16,66,completed
391,2026-03-16,11,cancelled
147,2026-03-17,50,shipped
242,2026-03-17,23,completed
269,2026-03-17,78,completed
363,2026-03-18,80,completed
369,2026-03-18,48,shipped
426,2026-03-18,16,completed
105,2026-03-19,40,completed
171,2026-03-19,49,completed
187,2026-03-19,58,completed
277,2026-03-19,9,completed
270,2026-03-20,2,cancelled
44,2026-03-21,17,completed
207,2026-03-21,46,completed
134,2026-03-22,3,completed
188,2026-03-22,20,completed
255,2026-03-22,22,completed
386,2026-03-22,52,completed
405,2026-03-22,26,completed
438,2026-03-22,2,shipped
26,2026-03-23,60,completed
89,2026-03-23,33,shipped
198,2026-03-23,28,shipped
86,2026-03-24,46,completed
136,2026-03-24,65,shipped
140,2026-03-24,61,completed
233,2026-03-24,24,completed
425,2026-03-24,53,completed
149,2026-03-25,70,completed
210,2026-03-25,44,completed
356,2026-03-25,64,shipped
41,2026-03-26,68,completed
51,2026-03-26,10,completed
376,2026-03-26,28,completed
203,2026-03-27,68,completed
2,2026-03-29,13,completed
30,2026-03-29,4,completed
112,2026-03-29,75,completed
216,2026-03-29,32,cancelled
409,2026-03-29,73,completed
287,2026-03-30,8,completed
75,2026-04-01,38,cancelled
34,2026-04-02,4,cancelled
78,2026-04-02,47,shipped
115,2026-04-02,71,cancelled
209,2026-04-02,54,completed
238,2026-04-02,74,completed
258,2026-04-02,1,shipped
343,2026-04-02,80,completed
401,2026-04-02,63,cancelled
56,2026-04-03,56,completed
82,2026-04-03,49,shipped
373,2026-04-03,62,cancelled
434,2026-04-03,45,completed
55,2026-04-04,3,cancelled
254,2026-04-04,45,shipped
332,2026-04-04,71,completed
437,2026-04-04,4,completed
13,2026-04-06,56,completed
39,2026-04-06,36,completed
43,2026-04-06,37,cancelled
49,2026-04-06,80,completed
168,2026-04-06,61,completed
431,2026-04-06,8,cancelled
197,2026-04-07,7,completed
268,2026-04-07,78,completed
335,2026-04-07,2,completed
338,2026-04-07,52,completed
418,2026-04-07,73,completed
419,2026-04-07,19,shipped
422,2026-04-07,5,shipped
111,2026-04-08,20,shipped
423,2026-04-08,70,shipped
265,2026-04-10,22,completed
275,2026-04-10,78,completed
297,2026-04-11,32,completed
380,2026-04-11,72,shipped
399,2026-04-11,33,completed
9,2026-04-12,20,cancelled
103,2026-04-12,7,completed
442,2026-04-12,41,completed
352,2026-04-13,7,completed
354,2026-04-13,78,shipped
359,2026-04-13,35,shipped
348,2026-04-14,32,completed
69,2026-04-15,37,cancelled
118,2026-04-15,43,completed
169,2026-04-15,80,shipped
137,2026-04-16,50,cancelled
155,2026-04-16,71,completed
347,2026-04-16,55,completed
45,2026-04-17,63,completed
133,2026-04-17,80,completed
153,2026-04-17,76,completed
183,2026-04-17,52,shipped
245,2026-04-17,41,completed
211,2026-04-18,8,completed
117,2026-04-19,23,completed
400,2026-04-19,71,completed
157,2026-04-20,27,shipped
178,2026-04-20,26,shipped
252,2026-04-21,32,completed
256,2026-04-21,17,shipped
262,2026-04-21,12,shipped
156,2026-04-22,80,shipped
374,2026-04-22,77,completed
15,2026-04-23,16,shipped
18,2026-04-23,80,completed
57,2026-04-23,52,shipped
143,2026-04-23,38,completed
408,2026-04-23,31,shipped
22,2026-04-24,68,cancelled
1,2026-04-25,39,completed
144,2026-04-25,52,completed
392,2026-04-25,28,shipped
172,2026-04-27,34,completed
321,2026-04-27,80,completed
404,2026-04-27,43,shipped
223,2026-04-28,75,completed
5,2026-04-29,34,completed
447,2026-04-29,30,shipped
7,2026-04-30,20,completed
40,2026-04-30,61,completed
74,2026-04-30,33,completed
221,2026-04-30,11,completed
248,2026-05-01,23,completed
307,2026-05-01,79,shipped
241,2026-05-02,58,completed
274,2026-05-02,56,shipped
424,2026-05-02,74,completed
54,2026-05-03,52,cancelled
95,2026-05-03,15,shipped
302,2026-05-04,46,cancelled
306,2026-05-04,51,completed
412,2026-05-04,67,completed
